state,district,city,year,crime_type,crime_count
Andhra Pradesh,Total,,2017,dowry deaths,152
Arunachal Pradesh,Total,,2017,dowry deaths,0
Assam,Total,,2017,dowry deaths,171
Bihar,Total,,2017,dowry deaths,1081
Chhattisgarh,Total,,2017,dowry deaths,74
Goa,Total,,2017,dowry deaths,1
Gujarat,Total,,2017,dowry deaths,9
Haryana,Total,,2017,dowry deaths,245
Himachal Pradesh,Total,,2017,dowry deaths,3
Jammu and Kashmir,Total,,2017,dowry deaths,8
Jharkhand,Total,,2017,dowry deaths,248
Karnataka,Total,,2017,dowry deaths,206
Kerala,Total,,2017,dowry deaths,12
Madhya Pradesh,Total,,2017,dowry deaths,632
Maharashtra,Total,,2017,dowry deaths,233
Manipur,Total,,2017,dowry deaths,0
Meghalaya,Total,,2017,dowry deaths,1
Mizoram,Total,,2017,dowry deaths,0
Nagaland,Total,,2017,dowry deaths,0
Odisha,Total,,2017,dowry deaths,326
Punjab,Total,,2017,dowry deaths,68
Rajasthan,Total,,2017,dowry deaths,457
Sikkim,Total,,2017,dowry deaths,0
Tamil Nadu,Total,,2017,dowry deaths,48
Telangana,Total,,2017,dowry deaths,251
Tripura,Total,,2017,dowry deaths,33
Uttar Pradesh,Total,,2017,dowry deaths,2524
Uttarakhand,Total,,2017,dowry deaths,60
West Bengal,Total,,2017,dowry deaths,499
A&N Islands,Total,,2017,dowry deaths,1
Chandigarh,Total,,2017,dowry deaths,1
D&N Haveli,Total,,2017,dowry deaths,0
Daman & Diu,Total,,2017,dowry deaths,0
Delhi,Total,,2017,dowry deaths,120
Lakshadweep,Total,,2017,dowry deaths,0
Puducherry,Total,,2017,dowry deaths,2
Andhra Pradesh,Total,,2018,dowry deaths,140
Arunachal Pradesh,Total,,2018,dowry deaths,0
Assam,Total,,2018,dowry deaths,173
Bihar,Total,,2018,dowry deaths,1107
Chhattisgarh,Total,,2018,dowry deaths,79
Goa,Total,,2018,dowry deaths,0
Gujarat,Total,,2018,dowry deaths,9
Haryana,Total,,2018,dowry deaths,216
Himachal Pradesh,Total,,2018,dowry deaths,4
Jammu and Kashmir,Total,,2018,dowry deaths,8
Jharkhand,Total,,2018,dowry deaths,252
Karnataka,Total,,2018,dowry deaths,200
Kerala,Total,,2018,dowry deaths,17
Madhya Pradesh,Total,,2018,dowry deaths,547
Maharashtra,Total,,2018,dowry deaths,200
Manipur,Total,,2018,dowry deaths,0
Meghalaya,Total,,2018,dowry deaths,1
Mizoram,Total,,2018,dowry deaths,0
Nagaland,Total,,2018,dowry deaths,0
Odisha,Total,,2018,dowry deaths,372
Punjab,Total,,2018,dowry deaths,67
Rajasthan,Total,,2018,dowry deaths,404
Sikkim,Total,,2018,dowry deaths,1
Tamil Nadu,Total,,2018,dowry deaths,55
Telangana,Total,,2018,dowry deaths,186
Tripura,Total,,2018,dowry deaths,18
Uttar Pradesh,Total,,2018,dowry deaths,2444
Uttarakhand,Total,,2018,dowry deaths,63
West Bengal,Total,,2018,dowry deaths,444
A&N Islands,Total,,2018,dowry deaths,0
Chandigarh,Total,,2018,dowry deaths,6
D&N Haveli,Total,,2018,dowry deaths,0
Daman & Diu,Total,,2018,dowry deaths,0
Delhi,Total,,2018,dowry deaths,153
Lakshadweep,Total,,2018,dowry deaths,0
Puducherry,Total,,2018,dowry deaths,0
Andhra Pradesh,Total,,2019,dowry deaths,112
Arunachal Pradesh,Total,,2019,dowry deaths,1
Assam,Total,,2019,dowry deaths,156
Bihar,Total,,2019,dowry deaths,1120
Chhattisgarh,Total,,2019,dowry deaths,76
Goa,Total,,2019,dowry deaths,1
Gujarat,Total,,2019,dowry deaths,9
Haryana,Total,,2019,dowry deaths,248
Himachal Pradesh,Total,,2019,dowry deaths,4
Jammu and Kashmir,Total,,2019,dowry deaths,8
Jharkhand,Total,,2019,dowry deaths,299
Karnataka,Total,,2019,dowry deaths,194
Kerala,Total,,2019,dowry deaths,8
Madhya Pradesh,Total,,2019,dowry deaths,550
Maharashtra,Total,,2019,dowry deaths,196
Manipur,Total,,2019,dowry deaths,0
Meghalaya,Total,,2019,dowry deaths,3
Mizoram,Total,,2019,dowry deaths,0
Nagaland,Total,,2019,dowry deaths,0
Odisha,Total,,2019,dowry deaths,342
Punjab,Total,,2019,dowry deaths,69
Rajasthan,Total,,2019,dowry deaths,452
Sikkim,Total,,2019,dowry deaths,0
Tamil Nadu,Total,,2019,dowry deaths,28
Telangana,Total,,2019,dowry deaths,163
Tripura,Total,,2019,dowry deaths,38
Uttar Pradesh,Total,,2019,dowry deaths,2410
Uttarakhand,Total,,2019,dowry deaths,57
West Bengal,Total,,2019,dowry deaths,444
A&N Islands,Total,,2019,dowry deaths,0
Chandigarh,Total,,2019,dowry deaths,6
D&N Haveli,Total,,2019,dowry deaths,3
Daman & Diu,Total,,2019,dowry deaths,2
Delhi,Total,,2019,dowry deaths,116
Lakshadweep,Total,,2019,dowry deaths,0
Puducherry,Total,,2019,dowry deaths,0
Andhra Pradesh,Total Districts,,2020,dowry deaths,111
Arunachal Pradesh,Total Districts,,2020,dowry deaths,0
Assam,Total Districts,,2020,dowry deaths,148
Bihar,Total Districts,,2020,dowry deaths,1046
Chhattisgarh,Total Districts,,2020,dowry deaths,71
Goa,Total Districts,,2020,dowry deaths,0
Gujarat,Total Districts,,2020,dowry deaths,6
Haryana,Total Districts,,2020,dowry deaths,251
Himachal Pradesh,Total Districts,,2020,dowry deaths,1
Jharkhand,Total Districts,,2020,dowry deaths,275
Karnataka,Total Districts,,2020,dowry deaths,176
Kerala,Total Districts,,2020,dowry deaths,6
Madhya Pradesh,Total Districts,,2020,dowry deaths,608
Maharashtra,Total Districts,,2020,dowry deaths,197
Manipur,Total Districts,,2020,dowry deaths,1
Meghalaya,Total Districts,,2020,dowry deaths,1
Mizoram,Total Districts,,2020,dowry deaths,0
Nagaland,Total Districts,,2020,dowry deaths,1
Odisha,Total Districts,,2020,dowry deaths,320
Punjab,Total Districts,,2020,dowry deaths,63
Rajasthan,Total Districts,,2020,dowry deaths,479
Sikkim,Total Districts,,2020,dowry deaths,0
Tamil Nadu,Total Districts,,2020,dowry deaths,40
Telangana,Total Districts,,2020,dowry deaths,158
Tripura,Total Districts,,2020,dowry deaths,23
Uttar Pradesh,Total Districts,,2020,dowry deaths,2274
Uttarakhand,Total Districts,,2020,dowry deaths,65
West Bengal,Total Districts,,2020,dowry deaths,522
A&N Islands,Total Districts,,2020,dowry deaths,0
Chandigarh,Total Districts,,2020,dowry deaths,1
D&N Haveli and Daman & Diu,Total Districts,,2020,dowry deaths,1
Delhi,Total Districts,,2020,dowry deaths,110
Jammu and Kashmir,Total Districts,,2020,dowry deaths,9
Ladakh,Total Districts,,2020,dowry deaths,0
Lakshadweep,Total Districts,,2020,dowry deaths,0
Puducherry,Total Districts,,2020,dowry deaths,2
Andhra Pradesh,Total,,2017,attempt to commit murder,1840
Arunachal Pradesh,Total,,2017,attempt to commit murder,41
Assam,Total,,2017,attempt to commit murder,1050
Bihar,Total,,2017,attempt to commit murder,9586
Chhattisgarh,Total,,2017,attempt to commit murder,655
Goa,Total,,2017,attempt to commit murder,26
Gujarat,Total,,2017,attempt to commit murder,1049
Haryana,Total,,2017,attempt to commit murder,948
Himachal Pradesh,Total,,2017,attempt to commit murder,69
Jammu and Kashmir,Total,,2017,attempt to commit murder,390
Jharkhand,Total,,2017,attempt to commit murder,1187
Karnataka,Total,,2017,attempt to commit murder,2719
Kerala,Total,,2017,attempt to commit murder,583
Madhya Pradesh,Total,,2017,attempt to commit murder,1895
Maharashtra,Total,,2017,attempt to commit murder,2744
Manipur,Total,,2017,attempt to commit murder,159
Meghalaya,Total,,2017,attempt to commit murder,49
Mizoram,Total,,2017,attempt to commit murder,13
Nagaland,Total,,2017,attempt to commit murder,46
Odisha,Total,,2017,attempt to commit murder,3064
Punjab,Total,,2017,attempt to commit murder,789
Rajasthan,Total,,2017,attempt to commit murder,1588
Sikkim,Total,,2017,attempt to commit murder,12
Tamil Nadu,Total,,2017,attempt to commit murder,2460
Telangana,Total,,2017,attempt to commit murder,1045
Tripura,Total,,2017,attempt to commit murder,69
Uttar Pradesh,Total,,2017,attempt to commit murder,4939
Uttarakhand,Total,,2017,attempt to commit murder,196
West Bengal,Total,,2017,attempt to commit murder,11710
A&N Islands,Total,,2017,attempt to commit murder,8
Chandigarh,Total,,2017,attempt to commit murder,27
D&N Haveli,Total,,2017,attempt to commit murder,4
Daman & Diu,Total,,2017,attempt to commit murder,4
Delhi,Total,,2017,attempt to commit murder,645
Lakshadweep,Total,,2017,attempt to commit murder,1
Puducherry,Total,,2017,attempt to commit murder,11
Andhra Pradesh,Total,,2018,attempt to commit murder,1827
Arunachal Pradesh,Total,,2018,attempt to commit murder,41
Assam,Total,,2018,attempt to commit murder,1443
Bihar,Total,,2018,attempt to commit murder,7196
Chhattisgarh,Total,,2018,attempt to commit murder,685
Goa,Total,,2018,attempt to commit murder,28
Gujarat,Total,,2018,attempt to commit murder,1276
Haryana,Total,,2018,attempt to commit murder,984
Himachal Pradesh,Total,,2018,attempt to commit murder,58
Jammu and Kashmir,Total,,2018,attempt to commit murder,438
Jharkhand,Total,,2018,attempt to commit murder,1901
Karnataka,Total,,2018,attempt to commit murder,2638
Kerala,Total,,2018,attempt to commit murder,672
Madhya Pradesh,Total,,2018,attempt to commit murder,1785
Maharashtra,Total,,2018,attempt to commit murder,3162
Manipur,Total,,2018,attempt to commit murder,131
Meghalaya,Total,,2018,attempt to commit murder,50
Mizoram,Total,,2018,attempt to commit murder,9
Nagaland,Total,,2018,attempt to commit murder,40
Odisha,Total,,2018,attempt to commit murder,3070
Punjab,Total,,2018,attempt to commit murder,824
Rajasthan,Total,,2018,attempt to commit murder,1659
Sikkim,Total,,2018,attempt to commit murder,12
Tamil Nadu,Total,,2018,attempt to commit murder,2571
Telangana,Total,,2018,attempt to commit murder,1143
Tripura,Total,,2018,attempt to commit murder,180
Uttar Pradesh,Total,,2018,attempt to commit murder,4834
Uttarakhand,Total,,2018,attempt to commit murder,163
West Bengal,Total,,2018,attempt to commit murder,12062
A&N Islands,Total,,2018,attempt to commit murder,8
Chandigarh,Total,,2018,attempt to commit murder,46
D&N Haveli,Total,,2018,attempt to commit murder,3
Daman & Diu,Total,,2018,attempt to commit murder,5
Delhi,Total,,2018,attempt to commit murder,529
Lakshadweep,Total,,2018,attempt to commit murder,0
Puducherry,Total,,2018,attempt to commit murder,16
Andhra Pradesh,Total,,2019,attempt to commit murder,1536
Arunachal Pradesh,Total,,2019,attempt to commit murder,52
Assam,Total,,2019,attempt to commit murder,1366
Bihar,Total,,2019,attempt to commit murder,7462
Chhattisgarh,Total,,2019,attempt to commit murder,617
Goa,Total,,2019,attempt to commit murder,33
Gujarat,Total,,2019,attempt to commit murder,910
Haryana,Total,,2019,attempt to commit murder,923
Himachal Pradesh,Total,,2019,attempt to commit murder,54
Jammu and Kashmir,Total,,2019,attempt to commit murder,420
Jharkhand,Total,,2019,attempt to commit murder,1920
Karnataka,Total,,2019,attempt to commit murder,2569
Kerala,Total,,2019,attempt to commit murder,729
Madhya Pradesh,Total,,2019,attempt to commit murder,1750
Maharashtra,Total,,2019,attempt to commit murder,3003
Manipur,Total,,2019,attempt to commit murder,149
Meghalaya,Total,,2019,attempt to commit murder,64
Mizoram,Total,,2019,attempt to commit murder,14
Nagaland,Total,,2019,attempt to commit murder,26
Odisha,Total,,2019,attempt to commit murder,3569
Punjab,Total,,2019,attempt to commit murder,840
Rajasthan,Total,,2019,attempt to commit murder,1905
Sikkim,Total,,2019,attempt to commit murder,14
Tamil Nadu,Total,,2019,attempt to commit murder,2478
Telangana,Total,,2019,attempt to commit murder,1326
Tripura,Total,,2019,attempt to commit murder,144
Uttar Pradesh,Total,,2019,attempt to commit murder,4596
Uttarakhand,Total,,2019,attempt to commit murder,161
West Bengal,Total,,2019,attempt to commit murder,12062
A&N Islands,Total,,2019,attempt to commit murder,9
Chandigarh,Total,,2019,attempt to commit murder,34
D&N Haveli,Total,,2019,attempt to commit murder,2
Daman & Diu,Total,,2019,attempt to commit murder,9
Delhi,Total,,2019,attempt to commit murder,487
Lakshadweep,Total,,2019,attempt to commit murder,0
Puducherry,Total,,2019,attempt to commit murder,21
Andhra Pradesh,Total Districts,,2020,attempt to commit murder,1298
Arunachal Pradesh,Total Districts,,2020,attempt to commit murder,37
Assam,Total Districts,,2020,attempt to commit murder,1316
Bihar,Total Districts,,2020,attempt to commit murder,11784
Chhattisgarh,Total Districts,,2020,attempt to commit murder,720
Goa,Total Districts,,2020,attempt to commit murder,24
Gujarat,Total Districts,,2020,attempt to commit murder,933
Haryana,Total Districts,,2020,attempt to commit murder,1002
Himachal Pradesh,Total Districts,,2020,attempt to commit murder,70
Jharkhand,Total Districts,,2020,attempt to commit murder,2833
Karnataka,Total Districts,,2020,attempt to commit murder,2568
Kerala,Total Districts,,2020,attempt to commit murder,610
Madhya Pradesh,Total Districts,,2020,attempt to commit murder,1857
Maharashtra,Total Districts,,2020,attempt to commit murder,3251
Manipur,Total Districts,,2020,attempt to commit murder,109
Meghalaya,Total Districts,,2020,attempt to commit murder,58
Mizoram,Total Districts,,2020,attempt to commit murder,10
Nagaland,Total Districts,,2020,attempt to commit murder,24
Odisha,Total Districts,,2020,attempt to commit murder,4135
Punjab,Total Districts,,2020,attempt to commit murder,961
Rajasthan,Total Districts,,2020,attempt to commit murder,2062
Sikkim,Total Districts,,2020,attempt to commit murder,7
Tamil Nadu,Total Districts,,2020,attempt to commit murder,2548
Telangana,Total Districts,,2020,attempt to commit murder,1240
Tripura,Total Districts,,2020,attempt to commit murder,117
Uttar Pradesh,Total Districts,,2020,attempt to commit murder,4210
Uttarakhand,Total Districts,,2020,attempt to commit murder,186
West Bengal,Total Districts,,2020,attempt to commit murder,12725
A&N Islands,Total Districts,,2020,attempt to commit murder,8
Chandigarh,Total Districts,,2020,attempt to commit murder,35
D&N Haveli and Daman & Diu,Total Districts,,2020,attempt to commit murder,2
Delhi,Total Districts,,2020,attempt to commit murder,570
Jammu and Kashmir,Total Districts,,2020,attempt to commit murder,487
Ladakh,Total Districts,,2020,attempt to commit murder,3
Lakshadweep,Total Districts,,2020,attempt to commit murder,0
Puducherry,Total Districts,,2020,attempt to commit murder,31
Andhra Pradesh,Total,,2017,hurt,21775
Arunachal Pradesh,Total,,2017,hurt,344
Assam,Total,,2017,hurt,16722
Bihar,Total,,2017,hurt,83139
Chhattisgarh,Total,,2017,hurt,13959
Goa,Total,,2017,hurt,387
Gujarat,Total,,2017,hurt,8750
Haryana,Total,,2017,hurt,6426
Himachal Pradesh,Total,,2017,hurt,2828
Jammu and Kashmir,Total,,2017,hurt,1407
Jharkhand,Total,,2017,hurt,5771
Karnataka,Total,,2017,hurt,19461
Kerala,Total,,2017,hurt,20323
Madhya Pradesh,Total,,2017,hurt,77412
Maharashtra,Total,,2017,hurt,37978
Manipur,Total,,2017,hurt,305
Meghalaya,Total,,2017,hurt,155
Mizoram,Total,,2017,hurt,99
Nagaland,Total,,2017,hurt,21
Odisha,Total,,2017,hurt,7024
Punjab,Total,,2017,hurt,5971
Rajasthan,Total,,2017,hurt,24470
Sikkim,Total,,2017,hurt,92
Tamil Nadu,Total,,2017,hurt,41363
Telangana,Total,,2017,hurt,20197
Tripura,Total,,2017,hurt,1108
Uttar Pradesh,Total,,2017,hurt,40959
Uttarakhand,Total,,2017,hurt,987
West Bengal,Total,,2017,hurt,29591
A&N Islands,Total,,2017,hurt,69
Chandigarh,Total,,2017,hurt,126
D&N Haveli,Total,,2017,hurt,10
Daman & Diu,Total,,2017,hurt,4
Delhi,Total,,2017,hurt,4581
Lakshadweep,Total,,2017,hurt,20
Puducherry,Total,,2017,hurt,783
Andhra Pradesh,Total,,2018,hurt,22317
Arunachal Pradesh,Total,,2018,hurt,377
Assam,Total,,2018,hurt,19975
Bihar,Total,,2018,hurt,100462
Chhattisgarh,Total,,2018,hurt,15600
Goa,Total,,2018,hurt,376
Gujarat,Total,,2018,hurt,10087
Haryana,Total,,2018,hurt,6106
Himachal Pradesh,Total,,2018,hurt,3234
Jammu and Kashmir,Total,,2018,hurt,3043
Jharkhand,Total,,2018,hurt,8012
Karnataka,Total,,2018,hurt,18334
Kerala,Total,,2018,hurt,20087
Madhya Pradesh,Total,,2018,hurt,70563
Maharashtra,Total,,2018,hurt,42530
Manipur,Total,,2018,hurt,166
Meghalaya,Total,,2018,hurt,167
Mizoram,Total,,2018,hurt,95
Nagaland,Total,,2018,hurt,44
Odisha,Total,,2018,hurt,8420
Punjab,Total,,2018,hurt,5888
Rajasthan,Total,,2018,hurt,25440
Sikkim,Total,,2018,hurt,79
Tamil Nadu,Total,,2018,hurt,38284
Telangana,Total,,2018,hurt,20178
Tripura,Total,,2018,hurt,1686
Uttar Pradesh,Total,,2018,hurt,52178
Uttarakhand,Total,,2018,hurt,750
West Bengal,Total,,2018,hurt,29510
A&N Islands,Total,,2018,hurt,83
Chandigarh,Total,,2018,hurt,106
D&N Haveli,Total,,2018,hurt,12
Daman & Diu,Total,,2018,hurt,18
Delhi,Total,,2018,hurt,5114
Lakshadweep,Total,,2018,hurt,12
Puducherry,Total,,2018,hurt,743
Andhra Pradesh,Total,,2019,hurt,21042
Arunachal Pradesh,Total,,2019,hurt,384
Assam,Total,,2019,hurt,20281
Bihar,Total,,2019,hurt,97497
Chhattisgarh,Total,,2019,hurt,18412
Goa,Total,,2019,hurt,340
Gujarat,Total,,2019,hurt,9127
Haryana,Total,,2019,hurt,5634
Himachal Pradesh,Total,,2019,hurt,3525
Jammu and Kashmir,Total,,2019,hurt,2586
Jharkhand,Total,,2019,hurt,6895
Karnataka,Total,,2019,hurt,17363
Kerala,Total,,2019,hurt,18910
Madhya Pradesh,Total,,2019,hurt,68640
Maharashtra,Total,,2019,hurt,41610
Manipur,Total,,2019,hurt,193
Meghalaya,Total,,2019,hurt,179
Mizoram,Total,,2019,hurt,72
Nagaland,Total,,2019,hurt,32
Odisha,Total,,2019,hurt,9511
Punjab,Total,,2019,hurt,6279
Rajasthan,Total,,2019,hurt,33971
Sikkim,Total,,2019,hurt,103
Tamil Nadu,Total,,2019,hurt,39050
Telangana,Total,,2019,hurt,21221
Tripura,Total,,2019,hurt,1531
Uttar Pradesh,Total,,2019,hurt,64707
Uttarakhand,Total,,2019,hurt,765
West Bengal,Total,,2019,hurt,29510
A&N Islands,Total,,2019,hurt,112
Chandigarh,Total,,2019,hurt,127
D&N Haveli,Total,,2019,hurt,17
Daman & Diu,Total,,2019,hurt,19
Delhi,Total,,2019,hurt,4643
Lakshadweep,Total,,2019,hurt,26
Puducherry,Total,,2019,hurt,747
Andhra Pradesh,Total Districts,,2020,hurt,22214
Arunachal Pradesh,Total Districts,,2020,hurt,262
Assam,Total Districts,,2020,hurt,18479
Bihar,Total Districts,,2020,hurt,98502
Chhattisgarh,Total Districts,,2020,hurt,21740
Goa,Total Districts,,2020,hurt,303
Gujarat,Total Districts,,2020,hurt,9117
Haryana,Total Districts,,2020,hurt,5699
Himachal Pradesh,Total Districts,,2020,hurt,3950
Jharkhand,Total Districts,,2020,hurt,10249
Karnataka,Total Districts,,2020,hurt,15414
Kerala,Total Districts,,2020,hurt,16238
Madhya Pradesh,Total Districts,,2020,hurt,82960
Maharashtra,Total Districts,,2020,hurt,47014
Manipur,Total Districts,,2020,hurt,162
Meghalaya,Total Districts,,2020,hurt,165
Mizoram,Total Districts,,2020,hurt,104
Nagaland,Total Districts,,2020,hurt,32
Odisha,Total Districts,,2020,hurt,18257
Punjab,Total Districts,,2020,hurt,6614
Rajasthan,Total Districts,,2020,hurt,33711
Sikkim,Total Districts,,2020,hurt,62
Tamil Nadu,Total Districts,,2020,hurt,36569
Telangana,Total Districts,,2020,hurt,24747
Tripura,Total Districts,,2020,hurt,1205
Uttar Pradesh,Total Districts,,2020,hurt,69611
Uttarakhand,Total Districts,,2020,hurt,523
West Bengal,Total Districts,,2020,hurt,26822
A&N Islands,Total Districts,,2020,hurt,85
Chandigarh,Total Districts,,2020,hurt,107
D&N Haveli and Daman & Diu,Total Districts,,2020,hurt,27
Delhi,Total Districts,,2020,hurt,3922
Jammu and Kashmir,Total Districts,,2020,hurt,3035
Ladakh,Total Districts,,2020,hurt,12
Lakshadweep,Total Districts,,2020,hurt,24
Puducherry,Total Districts,,2020,hurt,704
Andhra Pradesh,Total,,2017,assault on women,2683
Arunachal Pradesh,Total,,2017,assault on women,80
Assam,Total,,2017,assault on women,2097
Bihar,Total,,2017,assault on women,42
Chhattisgarh,Total,,2017,assault on women,1267
Goa,Total,,2017,assault on women,61
Gujarat,Total,,2017,assault on women,494
Haryana,Total,,2017,assault on women,584
Himachal Pradesh,Total,,2017,assault on women,190
Jammu and Kashmir,Total,,2017,assault on women,1341
Jharkhand,Total,,2017,assault on women,614
Karnataka,Total,,2017,assault on women,3818
Kerala,Total,,2017,assault on women,3163
Madhya Pradesh,Total,,2017,assault on women,4906
Maharashtra,Total,,2017,assault on women,4306
Manipur,Total,,2017,assault on women,30
Meghalaya,Total,,2017,assault on women,60
Mizoram,Total,,2017,assault on women,23
Nagaland,Total,,2017,assault on women,7
Odisha,Total,,2017,assault on women,5220
Punjab,Total,,2017,assault on women,458
Rajasthan,Total,,2017,assault on women,3743
Sikkim,Total,,2017,assault on women,18
Tamil Nadu,Total,,2017,assault on women,615
Telangana,Total,,2017,assault on women,2281
Tripura,Total,,2017,assault on women,103
Uttar Pradesh,Total,,2017,assault on women,4313
Uttarakhand,Total,,2017,assault on women,334
West Bengal,Total,,2017,assault on women,2025
A&N Islands,Total,,2017,assault on women,10
Chandigarh,Total,,2017,assault on women,49
D&N Haveli,Total,,2017,assault on women,3
Daman & Diu,Total,,2017,assault on women,3
Delhi,Total,,2017,assault on women,1124
Lakshadweep,Total,,2017,assault on women,0
Puducherry,Total,,2017,assault on women,33
Andhra Pradesh,Total,,2018,assault on women,2327
Arunachal Pradesh,Total,,2018,assault on women,78
Assam,Total,,2018,assault on women,2149
Bihar,Total,,2018,assault on women,106
Chhattisgarh,Total,,2018,assault on women,1311
Goa,Total,,2018,assault on women,63
Gujarat,Total,,2018,assault on women,650
Haryana,Total,,2018,assault on women,685
Himachal Pradesh,Total,,2018,assault on women,194
Jammu and Kashmir,Total,,2018,assault on women,1499
Jharkhand,Total,,2018,assault on women,936
Karnataka,Total,,2018,assault on women,3395
Kerala,Total,,2018,assault on women,3164
Madhya Pradesh,Total,,2018,assault on women,4693
Maharashtra,Total,,2018,assault on women,4829
Manipur,Total,,2018,assault on women,34
Meghalaya,Total,,2018,assault on women,62
Mizoram,Total,,2018,assault on women,30
Nagaland,Total,,2018,assault on women,4
Odisha,Total,,2018,assault on women,5829
Punjab,Total,,2018,assault on women,447
Rajasthan,Total,,2018,assault on women,4053
Sikkim,Total,,2018,assault on women,14
Tamil Nadu,Total,,2018,assault on women,672
Telangana,Total,,2018,assault on women,2212
Tripura,Total,,2018,assault on women,101
Uttar Pradesh,Total,,2018,assault on women,4214
Uttarakhand,Total,,2018,assault on women,496
West Bengal,Total,,2018,assault on women,1837
A&N Islands,Total,,2018,assault on women,20
Chandigarh,Total,,2018,assault on women,30
D&N Haveli,Total,,2018,assault on women,6
Daman & Diu,Total,,2018,assault on women,4
Delhi,Total,,2018,assault on women,1151
Lakshadweep,Total,,2018,assault on women,0
Puducherry,Total,,2018,assault on women,60
Andhra Pradesh,Total,,2019,assault on women,2396
Arunachal Pradesh,Total,,2019,assault on women,55
Assam,Total,,2019,assault on women,2129
Bihar,Total,,2019,assault on women,192
Chhattisgarh,Total,,2019,assault on women,1050
Goa,Total,,2019,assault on women,47
Gujarat,Total,,2019,assault on women,495
Haryana,Total,,2019,assault on women,669
Himachal Pradesh,Total,,2019,assault on women,186
Jammu and Kashmir,Total,,2019,assault on women,1385
Jharkhand,Total,,2019,assault on women,923
Karnataka,Total,,2019,assault on women,3213
Kerala,Total,,2019,assault on women,3034
Madhya Pradesh,Total,,2019,assault on women,3115
Maharashtra,Total,,2019,assault on women,4528
Manipur,Total,,2019,assault on women,39
Meghalaya,Total,,2019,assault on women,51
Mizoram,Total,,2019,assault on women,19
Nagaland,Total,,2019,assault on women,8
Odisha,Total,,2019,assault on women,6774
Punjab,Total,,2019,assault on women,510
Rajasthan,Total,,2019,assault on women,6977
Sikkim,Total,,2019,assault on women,15
Tamil Nadu,Total,,2019,assault on women,656
Telangana,Total,,2019,assault on women,2041
Tripura,Total,,2019,assault on women,79
Uttar Pradesh,Total,,2019,assault on women,4625
Uttarakhand,Total,,2019,assault on women,358
West Bengal,Total,,2019,assault on women,1837
A&N Islands,Total,,2019,assault on women,12
Chandigarh,Total,,2019,assault on women,27
D&N Haveli,Total,,2019,assault on women,1
Daman & Diu,Total,,2019,assault on women,1
Delhi,Total,,2019,assault on women,1113
Lakshadweep,Total,,2019,assault on women,3
Puducherry,Total,,2019,assault on women,23
Andhra Pradesh,Total Districts,,2020,assault on women,2541
Arunachal Pradesh,Total Districts,,2020,assault on women,61
Assam,Total Districts,,2020,assault on women,2487
Bihar,Total Districts,,2020,assault on women,400
Chhattisgarh,Total Districts,,2020,assault on women,1187
Goa,Total Districts,,2020,assault on women,26
Gujarat,Total Districts,,2020,assault on women,306
Haryana,Total Districts,,2020,assault on women,604
Himachal Pradesh,Total Districts,,2020,assault on women,232
Jharkhand,Total Districts,,2020,assault on women,758
Karnataka,Total Districts,,2020,assault on women,3246
Kerala,Total Districts,,2020,assault on women,2353
Madhya Pradesh,Total Districts,,2020,assault on women,2832
Maharashtra,Total Districts,,2020,assault on women,4485
Manipur,Total Districts,,2020,assault on women,53
Meghalaya,Total Districts,,2020,assault on women,50
Mizoram,Total Districts,,2020,assault on women,15
Nagaland,Total Districts,,2020,assault on women,3
Odisha,Total Districts,,2020,assault on women,7533
Punjab,Total Districts,,2020,assault on women,357
Rajasthan,Total Districts,,2020,assault on women,6869
Sikkim,Total Districts,,2020,assault on women,9
Tamil Nadu,Total Districts,,2020,assault on women,701
Telangana,Total Districts,,2020,assault on women,2520
Tripura,Total Districts,,2020,assault on women,61
Uttar Pradesh,Total Districts,,2020,assault on women,3836
Uttarakhand,Total Districts,,2020,assault on women,455
West Bengal,Total Districts,,2020,assault on women,1397
A&N Islands,Total Districts,,2020,assault on women,2
Chandigarh,Total Districts,,2020,assault on women,20
D&N Haveli and Daman & Diu,Total Districts,,2020,assault on women,0
Delhi,Total Districts,,2020,assault on women,970
Jammu and Kashmir,Total Districts,,2020,assault on women,1639
Ladakh,Total Districts,,2020,assault on women,4
Lakshadweep,Total Districts,,2020,assault on women,0
Puducherry,Total Districts,,2020,assault on women,25
Andhra Pradesh,Total,,2017,sexual harassment,1120
Arunachal Pradesh,Total,,2017,sexual harassment,12
Assam,Total,,2017,sexual harassment,735
Bihar,Total,,2017,sexual harassment,124
Chhattisgarh,Total,,2017,sexual harassment,288
Goa,Total,,2017,sexual harassment,40
Gujarat,Total,,2017,sexual harassment,364
Haryana,Total,,2017,sexual harassment,675
Himachal Pradesh,Total,,2017,sexual harassment,135
Jammu and Kashmir,Total,,2017,sexual harassment,12
Jharkhand,Total,,2017,sexual harassment,49
Karnataka,Total,,2017,sexual harassment,768
Kerala,Total,,2017,sexual harassment,828
Madhya Pradesh,Total,,2017,sexual harassment,2956
Maharashtra,Total,,2017,sexual harassment,2910
Manipur,Total,,2017,sexual harassment,11
Meghalaya,Total,,2017,sexual harassment,19
Mizoram,Total,,2017,sexual harassment,32
Nagaland,Total,,2017,sexual harassment,4
Odisha,Total,,2017,sexual harassment,1134
Punjab,Total,,2017,sexual harassment,263
Rajasthan,Total,,2017,sexual harassment,650
Sikkim,Total,,2017,sexual harassment,1
Tamil Nadu,Total,,2017,sexual harassment,69
Telangana,Total,,2017,sexual harassment,658
Tripura,Total,,2017,sexual harassment,45
Uttar Pradesh,Total,,2017,sexual harassment,5830
Uttarakhand,Total,,2017,sexual harassment,66
West Bengal,Total,,2017,sexual harassment,478
A&N Islands,Total,,2017,sexual harassment,17
Chandigarh,Total,,2017,sexual harassment,18
D&N Haveli,Total,,2017,sexual harassment,0
Daman & Diu,Total,,2017,sexual harassment,1
Delhi,Total,,2017,sexual harassment,636
Lakshadweep,Total,,2017,sexual harassment,0
Puducherry,Total,,2017,sexual harassment,0
Andhra Pradesh,Total,,2018,sexual harassment,945
Arunachal Pradesh,Total,,2018,sexual harassment,18
Assam,Total,,2018,sexual harassment,811
Bihar,Total,,2018,sexual harassment,113
Chhattisgarh,Total,,2018,sexual harassment,318
Goa,Total,,2018,sexual harassment,35
Gujarat,Total,,2018,sexual harassment,360
Haryana,Total,,2018,sexual harassment,1029
Himachal Pradesh,Total,,2018,sexual harassment,167
Jammu and Kashmir,Total,,2018,sexual harassment,33
Jharkhand,Total,,2018,sexual harassment,166
Karnataka,Total,,2018,sexual harassment,640
Kerala,Total,,2018,sexual harassment,913
Madhya Pradesh,Total,,2018,sexual harassment,2575
Maharashtra,Total,,2018,sexual harassment,3195
Manipur,Total,,2018,sexual harassment,8
Meghalaya,Total,,2018,sexual harassment,25
Mizoram,Total,,2018,sexual harassment,25
Nagaland,Total,,2018,sexual harassment,6
Odisha,Total,,2018,sexual harassment,1241
Punjab,Total,,2018,sexual harassment,262
Rajasthan,Total,,2018,sexual harassment,567
Sikkim,Total,,2018,sexual harassment,5
Tamil Nadu,Total,,2018,sexual harassment,65
Telangana,Total,,2018,sexual harassment,639
Tripura,Total,,2018,sexual harassment,16
Uttar Pradesh,Total,,2018,sexual harassment,5696
Uttarakhand,Total,,2018,sexual harassment,26
West Bengal,Total,,2018,sexual harassment,419
A&N Islands,Total,,2018,sexual harassment,12
Chandigarh,Total,,2018,sexual harassment,26
D&N Haveli,Total,,2018,sexual harassment,0
Daman & Diu,Total,,2018,sexual harassment,0
Delhi,Total,,2018,sexual harassment,606
Lakshadweep,Total,,2018,sexual harassment,0
Puducherry,Total,,2018,sexual harassment,0
Andhra Pradesh,Total,,2019,sexual harassment,891
Arunachal Pradesh,Total,,2019,sexual harassment,16
Assam,Total,,2019,sexual harassment,781
Bihar,Total,,2019,sexual harassment,72
Chhattisgarh,Total,,2019,sexual harassment,113
Goa,Total,,2019,sexual harassment,36
Gujarat,Total,,2019,sexual harassment,384
Haryana,Total,,2019,sexual harassment,916
Himachal Pradesh,Total,,2019,sexual harassment,175
Jammu and Kashmir,Total,,2019,sexual harassment,1
Jharkhand,Total,,2019,sexual harassment,149
Karnataka,Total,,2019,sexual harassment,559
Kerala,Total,,2019,sexual harassment,898
Madhya Pradesh,Total,,2019,sexual harassment,1398
Maharashtra,Total,,2019,sexual harassment,3091
Manipur,Total,,2019,sexual harassment,10
Meghalaya,Total,,2019,sexual harassment,38
Mizoram,Total,,2019,sexual harassment,16
Nagaland,Total,,2019,sexual harassment,0
Odisha,Total,,2019,sexual harassment,1298
Punjab,Total,,2019,sexual harassment,222
Rajasthan,Total,,2019,sexual harassment,915
Sikkim,Total,,2019,sexual harassment,1
Tamil Nadu,Total,,2019,sexual harassment,87
Telangana,Total,,2019,sexual harassment,677
Tripura,Total,,2019,sexual harassment,25
Uttar Pradesh,Total,,2019,sexual harassment,4651
Uttarakhand,Total,,2019,sexual harassment,39
West Bengal,Total,,2019,sexual harassment,419
A&N Islands,Total,,2019,sexual harassment,6
Chandigarh,Total,,2019,sexual harassment,12
D&N Haveli,Total,,2019,sexual harassment,0
Daman & Diu,Total,,2019,sexual harassment,1
Delhi,Total,,2019,sexual harassment,439
Lakshadweep,Total,,2019,sexual harassment,1
Puducherry,Total,,2019,sexual harassment,0
Andhra Pradesh,Total Districts,,2020,sexual harassment,1009
Arunachal Pradesh,Total Districts,,2020,sexual harassment,4
Assam,Total Districts,,2020,sexual harassment,620
Bihar,Total Districts,,2020,sexual harassment,26
Chhattisgarh,Total Districts,,2020,sexual harassment,171
Goa,Total Districts,,2020,sexual harassment,19
Gujarat,Total Districts,,2020,sexual harassment,358
Haryana,Total Districts,,2020,sexual harassment,890
Himachal Pradesh,Total Districts,,2020,sexual harassment,144
Jharkhand,Total Districts,,2020,sexual harassment,131
Karnataka,Total Districts,,2020,sexual harassment,446
Kerala,Total Districts,,2020,sexual harassment,1078
Madhya Pradesh,Total Districts,,2020,sexual harassment,1470
Maharashtra,Total Districts,,2020,sexual harassment,2833
Manipur,Total Districts,,2020,sexual harassment,2
Meghalaya,Total Districts,,2020,sexual harassment,24
Mizoram,Total Districts,,2020,sexual harassment,8
Nagaland,Total Districts,,2020,sexual harassment,3
Odisha,Total Districts,,2020,sexual harassment,1407
Punjab,Total Districts,,2020,sexual harassment,206
Rajasthan,Total Districts,,2020,sexual harassment,769
Sikkim,Total Districts,,2020,sexual harassment,6
Tamil Nadu,Total Districts,,2020,sexual harassment,115
Telangana,Total Districts,,2020,sexual harassment,737
Tripura,Total Districts,,2020,sexual harassment,20
Uttar Pradesh,Total Districts,,2020,sexual harassment,3889
Uttarakhand,Total Districts,,2020,sexual harassment,10
West Bengal,Total Districts,,2020,sexual harassment,246
A&N Islands,Total Districts,,2020,sexual harassment,7
Chandigarh,Total Districts,,2020,sexual harassment,10
D&N Haveli and Daman & Diu,Total Districts,,2020,sexual harassment,1
Delhi,Total Districts,,2020,sexual harassment,326
Jammu and Kashmir,Total Districts,,2020,sexual harassment,15
Ladakh,Total Districts,,2020,sexual harassment,0
Lakshadweep,Total Districts,,2020,sexual harassment,3
Puducherry,Total Districts,,2020,sexual harassment,0
Andhra Pradesh,Total,,2017,stalking,750
Arunachal Pradesh,Total,,2017,stalking,4
Assam,Total,,2017,stalking,70
Bihar,Total,,2017,stalking,10
Chhattisgarh,Total,,2017,stalking,141
Goa,Total,,2017,stalking,22
Gujarat,Total,,2017,stalking,112
Haryana,Total,,2017,stalking,412
Himachal Pradesh,Total,,2017,stalking,47
Jammu and Kashmir,Total,,2017,stalking,9
Jharkhand,Total,,2017,stalking,8
Karnataka,Total,,2017,stalking,236
Kerala,Total,,2017,stalking,220
Madhya Pradesh,Total,,2017,stalking,1163
Maharashtra,Total,,2017,stalking,1545
Manipur,Total,,2017,stalking,9
Meghalaya,Total,,2017,stalking,7
Mizoram,Total,,2017,stalking,2
Nagaland,Total,,2017,stalking,0
Odisha,Total,,2017,stalking,257
Punjab,Total,,2017,stalking,94
Rajasthan,Total,,2017,stalking,165
Sikkim,Total,,2017,stalking,2
Tamil Nadu,Total,,2017,stalking,23
Telangana,Total,,2017,stalking,1243
Tripura,Total,,2017,stalking,6
Uttar Pradesh,Total,,2017,stalking,745
Uttarakhand,Total,,2017,stalking,19
West Bengal,Total,,2017,stalking,301
A&N Islands,Total,,2017,stalking,4
Chandigarh,Total,,2017,stalking,22
D&N Haveli,Total,,2017,stalking,0
Daman & Diu,Total,,2017,stalking,1
Delhi,Total,,2017,stalking,496
Lakshadweep,Total,,2017,stalking,0
Puducherry,Total,,2017,stalking,0
Andhra Pradesh,Total,,2018,stalking,811
Arunachal Pradesh,Total,,2018,stalking,4
Assam,Total,,2018,stalking,250
Bihar,Total,,2018,stalking,17
Chhattisgarh,Total,,2018,stalking,163
Goa,Total,,2018,stalking,22
Gujarat,Total,,2018,stalking,115
Haryana,Total,,2018,stalking,509
Himachal Pradesh,Total,,2018,stalking,121
Jammu and Kashmir,Total,,2018,stalking,24
Jharkhand,Total,,2018,stalking,21
Karnataka,Total,,2018,stalking,148
Kerala,Total,,2018,stalking,243
Madhya Pradesh,Total,,2018,stalking,1254
Maharashtra,Total,,2018,stalking,2081
Manipur,Total,,2018,stalking,4
Meghalaya,Total,,2018,stalking,7
Mizoram,Total,,2018,stalking,2
Nagaland,Total,,2018,stalking,0
Odisha,Total,,2018,stalking,281
Punjab,Total,,2018,stalking,111
Rajasthan,Total,,2018,stalking,227
Sikkim,Total,,2018,stalking,4
Tamil Nadu,Total,,2018,stalking,35
Telangana,Total,,2018,stalking,1459
Tripura,Total,,2018,stalking,1
Uttar Pradesh,Total,,2018,stalking,727
Uttarakhand,Total,,2018,stalking,13
West Bengal,Total,,2018,stalking,311
A&N Islands,Total,,2018,stalking,0
Chandigarh,Total,,2018,stalking,32
D&N Haveli,Total,,2018,stalking,0
Daman & Diu,Total,,2018,stalking,1
Delhi,Total,,2018,stalking,440
Lakshadweep,Total,,2018,stalking,0
Puducherry,Total,,2018,stalking,0
Andhra Pradesh,Total,,2019,stalking,781
Arunachal Pradesh,Total,,2019,stalking,4
Assam,Total,,2019,stalking,272
Bihar,Total,,2019,stalking,9
Chhattisgarh,Total,,2019,stalking,86
Goa,Total,,2019,stalking,26
Gujarat,Total,,2019,stalking,105
Haryana,Total,,2019,stalking,506
Himachal Pradesh,Total,,2019,stalking,117
Jammu and Kashmir,Total,,2019,stalking,18
Jharkhand,Total,,2019,stalking,39
Karnataka,Total,,2019,stalking,178
Kerala,Total,,2019,stalking,302
Madhya Pradesh,Total,,2019,stalking,923
Maharashtra,Total,,2019,stalking,2161
Manipur,Total,,2019,stalking,3
Meghalaya,Total,,2019,stalking,6
Mizoram,Total,,2019,stalking,2
Nagaland,Total,,2019,stalking,0
Odisha,Total,,2019,stalking,350
Punjab,Total,,2019,stalking,108
Rajasthan,Total,,2019,stalking,378
Sikkim,Total,,2019,stalking,3
Tamil Nadu,Total,,2019,stalking,24
Telangana,Total,,2019,stalking,1204
Tripura,Total,,2019,stalking,6
Uttar Pradesh,Total,,2019,stalking,496
Uttarakhand,Total,,2019,stalking,52
West Bengal,Total,,2019,stalking,311
A&N Islands,Total,,2019,stalking,4
Chandigarh,Total,,2019,stalking,23
D&N Haveli,Total,,2019,stalking,1
Daman & Diu,Total,,2019,stalking,3
Delhi,Total,,2019,stalking,389
Lakshadweep,Total,,2019,stalking,0
Puducherry,Total,,2019,stalking,0
Andhra Pradesh,Total Districts,,2020,stalking,956
Arunachal Pradesh,Total Districts,,2020,stalking,6
Assam,Total Districts,,2020,stalking,220
Bihar,Total Districts,,2020,stalking,29
Chhattisgarh,Total Districts,,2020,stalking,59
Goa,Total Districts,,2020,stalking,17
Gujarat,Total Districts,,2020,stalking,114
Haryana,Total Districts,,2020,stalking,432
Himachal Pradesh,Total Districts,,2020,stalking,121
Jharkhand,Total Districts,,2020,stalking,59
Karnataka,Total Districts,,2020,stalking,124
Kerala,Total Districts,,2020,stalking,255
Madhya Pradesh,Total Districts,,2020,stalking,949
Maharashtra,Total Districts,,2020,stalking,2013
Manipur,Total Districts,,2020,stalking,3
Meghalaya,Total Districts,,2020,stalking,5
Mizoram,Total Districts,,2020,stalking,2
Nagaland,Total Districts,,2020,stalking,0
Odisha,Total Districts,,2020,stalking,339
Punjab,Total Districts,,2020,stalking,88
Rajasthan,Total Districts,,2020,stalking,398
Sikkim,Total Districts,,2020,stalking,2
Tamil Nadu,Total Districts,,2020,stalking,27
Telangana,Total Districts,,2020,stalking,1436
Tripura,Total Districts,,2020,stalking,6
Uttar Pradesh,Total Districts,,2020,stalking,326
Uttarakhand,Total Districts,,2020,stalking,7
West Bengal,Total Districts,,2020,stalking,236
A&N Islands,Total Districts,,2020,stalking,3
Chandigarh,Total Districts,,2020,stalking,11
D&N Haveli and Daman & Diu,Total Districts,,2020,stalking,3
Delhi,Total Districts,,2020,stalking,235
Jammu and Kashmir,Total Districts,,2020,stalking,31
Ladakh,Total Districts,,2020,stalking,0
Lakshadweep,Total Districts,,2020,stalking,0
Puducherry,Total Districts,,2020,stalking,0
Andhra Pradesh,Total,,2017,kidnapping and abduction,1018
Arunachal Pradesh,Total,,2017,kidnapping and abduction,117
Assam,Total,,2017,kidnapping and abduction,7857
Bihar,Total,,2017,kidnapping and abduction,8479
Chhattisgarh,Total,,2017,kidnapping and abduction,2109
Goa,Total,,2017,kidnapping and abduction,86
Gujarat,Total,,2017,kidnapping and abduction,2094
Haryana,Total,,2017,kidnapping and abduction,4401
Himachal Pradesh,Total,,2017,kidnapping and abduction,339
Jammu and Kashmir,Total,,2017,kidnapping and abduction,995
Jharkhand,Total,,2017,kidnapping and abduction,1577
Karnataka,Total,,2017,kidnapping and abduction,3005
Kerala,Total,,2017,kidnapping and abduction,293
Madhya Pradesh,Total,,2017,kidnapping and abduction,7807
Maharashtra,Total,,2017,kidnapping and abduction,10324
Manipur,Total,,2017,kidnapping and abduction,142
Meghalaya,Total,,2017,kidnapping and abduction,148
Mizoram,Total,,2017,kidnapping and abduction,4
Nagaland,Total,,2017,kidnapping and abduction,66
Odisha,Total,,2017,kidnapping and abduction,3349
Punjab,Total,,2017,kidnapping and abduction,1386
Rajasthan,Total,,2017,kidnapping and abduction,5216
Sikkim,Total,,2017,kidnapping and abduction,71
Tamil Nadu,Total,,2017,kidnapping and abduction,1027
Telangana,Total,,2017,kidnapping and abduction,1560
Tripura,Total,,2017,kidnapping and abduction,122
Uttar Pradesh,Total,,2017,kidnapping and abduction,19921
Uttarakhand,Total,,2017,kidnapping and abduction,800
West Bengal,Total,,2017,kidnapping and abduction,5205
A&N Islands,Total,,2017,kidnapping and abduction,34
Chandigarh,Total,,2017,kidnapping and abduction,203
D&N Haveli,Total,,2017,kidnapping and abduction,14
Daman & Diu,Total,,2017,kidnapping and abduction,14
Delhi,Total,,2017,kidnapping and abduction,6095
Lakshadweep,Total,,2017,kidnapping and abduction,0
Puducherry,Total,,2017,kidnapping and abduction,15
Andhra Pradesh,Total,,2018,kidnapping and abduction,1055
Arunachal Pradesh,Total,,2018,kidnapping and abduction,135
Assam,Total,,2018,kidnapping and abduction,8977
Bihar,Total,,2018,kidnapping and abduction,9935
Chhattisgarh,Total,,2018,kidnapping and abduction,2443
Goa,Total,,2018,kidnapping and abduction,105
Gujarat,Total,,2018,kidnapping and abduction,1996
Haryana,Total,,2018,kidnapping and abduction,5015
Himachal Pradesh,Total,,2018,kidnapping and abduction,475
Jammu and Kashmir,Total,,2018,kidnapping and abduction,1137
Jharkhand,Total,,2018,kidnapping and abduction,1741
Karnataka,Total,,2018,kidnapping and abduction,3027
Kerala,Total,,2018,kidnapping and abduction,297
Madhya Pradesh,Total,,2018,kidnapping and abduction,8596
Maharashtra,Total,,2018,kidnapping and abduction,11443
Manipur,Total,,2018,kidnapping and abduction,142
Meghalaya,Total,,2018,kidnapping and abduction,148
Mizoram,Total,,2018,kidnapping and abduction,3
Nagaland,Total,,2018,kidnapping and abduction,90
Odisha,Total,,2018,kidnapping and abduction,3972
Punjab,Total,,2018,kidnapping and abduction,1599
Rajasthan,Total,,2018,kidnapping and abduction,5809
Sikkim,Total,,2018,kidnapping and abduction,74
Tamil Nadu,Total,,2018,kidnapping and abduction,1097
Telangana,Total,,2018,kidnapping and abduction,1810
Tripura,Total,,2018,kidnapping and abduction,166
Uttar Pradesh,Total,,2018,kidnapping and abduction,21711
Uttarakhand,Total,,2018,kidnapping and abduction,1177
West Bengal,Total,,2018,kidnapping and abduction,5191
A&N Islands,Total,,2018,kidnapping and abduction,37
Chandigarh,Total,,2018,kidnapping and abduction,209
D&N Haveli,Total,,2018,kidnapping and abduction,6
Daman & Diu,Total,,2018,kidnapping and abduction,30
Delhi,Total,,2018,kidnapping and abduction,6063
Lakshadweep,Total,,2018,kidnapping and abduction,0
Puducherry,Total,,2018,kidnapping and abduction,34
Andhra Pradesh,Total,,2019,kidnapping and abduction,902
Arunachal Pradesh,Total,,2019,kidnapping and abduction,117
Assam,Total,,2019,kidnapping and abduction,9432
Bihar,Total,,2019,kidnapping and abduction,10707
Chhattisgarh,Total,,2019,kidnapping and abduction,2638
Goa,Total,,2019,kidnapping and abduction,71
Gujarat,Total,,2019,kidnapping and abduction,1813
Haryana,Total,,2019,kidnapping and abduction,4023
Himachal Pradesh,Total,,2019,kidnapping and abduction,455
Jammu and Kashmir,Total,,2019,kidnapping and abduction,961
Jharkhand,Total,,2019,kidnapping and abduction,1814
Karnataka,Total,,2019,kidnapping and abduction,3080
Kerala,Total,,2019,kidnapping and abduction,386
Madhya Pradesh,Total,,2019,kidnapping and abduction,9812
Maharashtra,Total,,2019,kidnapping and abduction,11755
Manipur,Total,,2019,kidnapping and abduction,129
Meghalaya,Total,,2019,kidnapping and abduction,130
Mizoram,Total,,2019,kidnapping and abduction,5
Nagaland,Total,,2019,kidnapping and abduction,64
Odisha,Total,,2019,kidnapping and abduction,4748
Punjab,Total,,2019,kidnapping and abduction,1798
Rajasthan,Total,,2019,kidnapping and abduction,8058
Sikkim,Total,,2019,kidnapping and abduction,51
Tamil Nadu,Total,,2019,kidnapping and abduction,898
Telangana,Total,,2019,kidnapping and abduction,2127
Tripura,Total,,2019,kidnapping and abduction,166
Uttar Pradesh,Total,,2019,kidnapping and abduction,16590
Uttarakhand,Total,,2019,kidnapping and abduction,967
West Bengal,Total,,2019,kidnapping and abduction,5191
A&N Islands,Total,,2019,kidnapping and abduction,27
Chandigarh,Total,,2019,kidnapping and abduction,177
D&N Haveli,Total,,2019,kidnapping and abduction,9
Daman & Diu,Total,,2019,kidnapping and abduction,26
Delhi,Total,,2019,kidnapping and abduction,5901
Lakshadweep,Total,,2019,kidnapping and abduction,0
Puducherry,Total,,2019,kidnapping and abduction,9
Andhra Pradesh,Total Districts,,2020,kidnapping and abduction,737
Arunachal Pradesh,Total Districts,,2020,kidnapping and abduction,78
Assam,Total Districts,,2020,kidnapping and abduction,6934
Bihar,Total Districts,,2020,kidnapping and abduction,7889
Chhattisgarh,Total Districts,,2020,kidnapping and abduction,2008
Goa,Total Districts,,2020,kidnapping and abduction,45
Gujarat,Total Districts,,2020,kidnapping and abduction,1198
Haryana,Total Districts,,2020,kidnapping and abduction,2949
Himachal Pradesh,Total Districts,,2020,kidnapping and abduction,343
Jharkhand,Total Districts,,2020,kidnapping and abduction,1564
Karnataka,Total Districts,,2020,kidnapping and abduction,2253
Kerala,Total Districts,,2020,kidnapping and abduction,307
Madhya Pradesh,Total Districts,,2020,kidnapping and abduction,7320
Maharashtra,Total Districts,,2020,kidnapping and abduction,8103
Manipur,Total Districts,,2020,kidnapping and abduction,81
Meghalaya,Total Districts,,2020,kidnapping and abduction,91
Mizoram,Total Districts,,2020,kidnapping and abduction,3
Nagaland,Total Districts,,2020,kidnapping and abduction,24
Odisha,Total Districts,,2020,kidnapping and abduction,4179
Punjab,Total Districts,,2020,kidnapping and abduction,1399
Rajasthan,Total Districts,,2020,kidnapping and abduction,6234
Sikkim,Total Districts,,2020,kidnapping and abduction,32
Tamil Nadu,Total Districts,,2020,kidnapping and abduction,765
Telangana,Total Districts,,2020,kidnapping and abduction,2056
Tripura,Total Districts,,2020,kidnapping and abduction,127
Uttar Pradesh,Total Districts,,2020,kidnapping and abduction,12913
Uttarakhand,Total Districts,,2020,kidnapping and abduction,768
West Bengal,Total Districts,,2020,kidnapping and abduction,9309
A&N Islands,Total Districts,,2020,kidnapping and abduction,7
Chandigarh,Total Districts,,2020,kidnapping and abduction,118
D&N Haveli and Daman & Diu,Total Districts,,2020,kidnapping and abduction,21
Delhi,Total Districts,,2020,kidnapping and abduction,4062
Jammu and Kashmir,Total Districts,,2020,kidnapping and abduction,868
Ladakh,Total Districts,,2020,kidnapping and abduction,0
Lakshadweep,Total Districts,,2020,kidnapping and abduction,1
Puducherry,Total Districts,,2020,kidnapping and abduction,19
Andhra Pradesh,Total,,2017,human trafficking,39
Arunachal Pradesh,Total,,2017,human trafficking,1
Assam,Total,,2017,human trafficking,175
Bihar,Total,,2017,human trafficking,25
Chhattisgarh,Total,,2017,human trafficking,35
Goa,Total,,2017,human trafficking,35
Gujarat,Total,,2017,human trafficking,2
Haryana,Total,,2017,human trafficking,13
Himachal Pradesh,Total,,2017,human trafficking,0
Jammu and Kashmir,Total,,2017,human trafficking,0
Jharkhand,Total,,2017,human trafficking,112
Karnataka,Total,,2017,human trafficking,15
Kerala,Total,,2017,human trafficking,15
Madhya Pradesh,Total,,2017,human trafficking,58
Maharashtra,Total,,2017,human trafficking,136
Manipur,Total,,2017,human trafficking,8
Meghalaya,Total,,2017,human trafficking,0
Mizoram,Total,,2017,human trafficking,1
Nagaland,Total,,2017,human trafficking,0
Odisha,Total,,2017,human trafficking,59
Punjab,Total,,2017,human trafficking,2
Rajasthan,Total,,2017,human trafficking,22
Sikkim,Total,,2017,human trafficking,0
Tamil Nadu,Total,,2017,human trafficking,12
Telangana,Total,,2017,human trafficking,184
Tripura,Total,,2017,human trafficking,2
Uttar Pradesh,Total,,2017,human trafficking,22
Uttarakhand,Total,,2017,human trafficking,4
West Bengal,Total,,2017,human trafficking,85
A&N Islands,Total,,2017,human trafficking,0
Chandigarh,Total,,2017,human trafficking,0
D&N Haveli,Total,,2017,human trafficking,0
Daman & Diu,Total,,2017,human trafficking,1
Delhi,Total,,2017,human trafficking,63
Lakshadweep,Total,,2017,human trafficking,0
Puducherry,Total,,2017,human trafficking,1
Andhra Pradesh,Total,,2018,human trafficking,38
Arunachal Pradesh,Total,,2018,human trafficking,1
Assam,Total,,2018,human trafficking,179
Bihar,Total,,2018,human trafficking,16
Chhattisgarh,Total,,2018,human trafficking,38
Goa,Total,,2018,human trafficking,39
Gujarat,Total,,2018,human trafficking,5
Haryana,Total,,2018,human trafficking,22
Himachal Pradesh,Total,,2018,human trafficking,0
Jammu and Kashmir,Total,,2018,human trafficking,0
Jharkhand,Total,,2018,human trafficking,131
Karnataka,Total,,2018,human trafficking,27
Kerala,Total,,2018,human trafficking,92
Madhya Pradesh,Total,,2018,human trafficking,39
Maharashtra,Total,,2018,human trafficking,243
Manipur,Total,,2018,human trafficking,3
Meghalaya,Total,,2018,human trafficking,1
Mizoram,Total,,2018,human trafficking,2
Nagaland,Total,,2018,human trafficking,0
Odisha,Total,,2018,human trafficking,67
Punjab,Total,,2018,human trafficking,6
Rajasthan,Total,,2018,human trafficking,10
Sikkim,Total,,2018,human trafficking,1
Tamil Nadu,Total,,2018,human trafficking,16
Telangana,Total,,2018,human trafficking,167
Tripura,Total,,2018,human trafficking,2
Uttar Pradesh,Total,,2018,human trafficking,16
Uttarakhand,Total,,2018,human trafficking,26
West Bengal,Total,,2018,human trafficking,49
A&N Islands,Total,,2018,human trafficking,0
Chandigarh,Total,,2018,human trafficking,0
D&N Haveli,Total,,2018,human trafficking,0
Daman & Diu,Total,,2018,human trafficking,0
Delhi,Total,,2018,human trafficking,77
Lakshadweep,Total,,2018,human trafficking,0
Puducherry,Total,,2018,human trafficking,0
Andhra Pradesh,Total,,2019,human trafficking,36
Arunachal Pradesh,Total,,2019,human trafficking,3
Assam,Total,,2019,human trafficking,200
Bihar,Total,,2019,human trafficking,26
Chhattisgarh,Total,,2019,human trafficking,42
Goa,Total,,2019,human trafficking,28
Gujarat,Total,,2019,human trafficking,6
Haryana,Total,,2019,human trafficking,10
Himachal Pradesh,Total,,2019,human trafficking,0
Jammu and Kashmir,Total,,2019,human trafficking,0
Jharkhand,Total,,2019,human trafficking,120
Karnataka,Total,,2019,human trafficking,32
Kerala,Total,,2019,human trafficking,140
Madhya Pradesh,Total,,2019,human trafficking,36
Maharashtra,Total,,2019,human trafficking,226
Manipur,Total,,2019,human trafficking,9
Meghalaya,Total,,2019,human trafficking,2
Mizoram,Total,,2019,human trafficking,7
Nagaland,Total,,2019,human trafficking,1
Odisha,Total,,2019,human trafficking,124
Punjab,Total,,2019,human trafficking,8
Rajasthan,Total,,2019,human trafficking,23
Sikkim,Total,,2019,human trafficking,0
Tamil Nadu,Total,,2019,human trafficking,14
Telangana,Total,,2019,human trafficking,94
Tripura,Total,,2019,human trafficking,2
Uttar Pradesh,Total,,2019,human trafficking,16
Uttarakhand,Total,,2019,human trafficking,19
West Bengal,Total,,2019,human trafficking,49
A&N Islands,Total,,2019,human trafficking,0
Chandigarh,Total,,2019,human trafficking,1
D&N Haveli,Total,,2019,human trafficking,0
Daman & Diu,Total,,2019,human trafficking,0
Delhi,Total,,2019,human trafficking,60
Lakshadweep,Total,,2019,human trafficking,0
Puducherry,Total,,2019,human trafficking,0
Andhra Pradesh,Total Districts,,2020,human trafficking,38
Arunachal Pradesh,Total Districts,,2020,human trafficking,1
Assam,Total Districts,,2020,human trafficking,103
Bihar,Total Districts,,2020,human trafficking,32
Chhattisgarh,Total Districts,,2020,human trafficking,35
Goa,Total Districts,,2020,human trafficking,12
Gujarat,Total Districts,,2020,human trafficking,7
Haryana,Total Districts,,2020,human trafficking,8
Himachal Pradesh,Total Districts,,2020,human trafficking,0
Jharkhand,Total Districts,,2020,human trafficking,103
Karnataka,Total Districts,,2020,human trafficking,13
Kerala,Total Districts,,2020,human trafficking,83
Madhya Pradesh,Total Districts,,2020,human trafficking,34
Maharashtra,Total Districts,,2020,human trafficking,154
Manipur,Total Districts,,2020,human trafficking,6
Meghalaya,Total Districts,,2020,human trafficking,0
Mizoram,Total Districts,,2020,human trafficking,0
Nagaland,Total Districts,,2020,human trafficking,0
Odisha,Total Districts,,2020,human trafficking,85
Punjab,Total Districts,,2020,human trafficking,8
Rajasthan,Total Districts,,2020,human trafficking,21
Sikkim,Total Districts,,2020,human trafficking,0
Tamil Nadu,Total Districts,,2020,human trafficking,9
Telangana,Total Districts,,2020,human trafficking,104
Tripura,Total Districts,,2020,human trafficking,1
Uttar Pradesh,Total Districts,,2020,human trafficking,9
Uttarakhand,Total Districts,,2020,human trafficking,7
West Bengal,Total Districts,,2020,human trafficking,27
A&N Islands,Total Districts,,2020,human trafficking,1
Chandigarh,Total Districts,,2020,human trafficking,2
D&N Haveli and Daman & Diu,Total Districts,,2020,human trafficking,1
Delhi,Total Districts,,2020,human trafficking,42
Jammu and Kashmir,Total Districts,,2020,human trafficking,1
Ladakh,Total Districts,,2020,human trafficking,0
Lakshadweep,Total Districts,,2020,human trafficking,0
Puducherry,Total Districts,,2020,human trafficking,0
Andhra Pradesh,Total,,2017,rape,988
Arunachal Pradesh,Total,,2017,rape,59
Assam,Total,,2017,rape,1772
Bihar,Total,,2017,rape,605
Chhattisgarh,Total,,2017,rape,1908
Goa,Total,,2017,rape,76
Gujarat,Total,,2017,rape,477
Haryana,Total,,2017,rape,1099
Himachal Pradesh,Total,,2017,rape,249
Jammu and Kashmir,Total,,2017,rape,296
Jharkhand,Total,,2017,rape,914
Karnataka,Total,,2017,rape,546
Kerala,Total,,2017,rape,2003
Madhya Pradesh,Total,,2017,rape,5562
Maharashtra,Total,,2017,rape,1933
Manipur,Total,,2017,rape,40
Meghalaya,Total,,2017,rape,119
Mizoram,Total,,2017,rape,25
Nagaland,Total,,2017,rape,10
Odisha,Total,,2017,rape,2070
Punjab,Total,,2017,rape,530
Rajasthan,Total,,2017,rape,3305
Sikkim,Total,,2017,rape,17
Tamil Nadu,Total,,2017,rape,283
Telangana,Total,,2017,rape,552
Tripura,Total,,2017,rape,95
Uttar Pradesh,Total,,2017,rape,4246
Uttarakhand,Total,,2017,rape,374
West Bengal,Total,,2017,rape,1084
A&N Islands,Total,,2017,rape,13
Chandigarh,Total,,2017,rape,65
D&N Haveli,Total,,2017,rape,1
Daman & Diu,Total,,2017,rape,7
Delhi,Total,,2017,rape,1229
Lakshadweep,Total,,2017,rape,0
Puducherry,Total,,2017,rape,7
Andhra Pradesh,Total,,2018,rape,971
Arunachal Pradesh,Total,,2018,rape,67
Assam,Total,,2018,rape,1648
Bihar,Total,,2018,rape,651
Chhattisgarh,Total,,2018,rape,2091
Goa,Total,,2018,rape,61
Gujarat,Total,,2018,rape,553
Haryana,Total,,2018,rape,1296
Himachal Pradesh,Total,,2018,rape,344
Jammu and Kashmir,Total,,2018,rape,320
Jharkhand,Total,,2018,rape,1090
Karnataka,Total,,2018,rape,492
Kerala,Total,,2018,rape,1945
Madhya Pradesh,Total,,2018,rape,5433
Maharashtra,Total,,2018,rape,2142
Manipur,Total,,2018,rape,52
Meghalaya,Total,,2018,rape,87
Mizoram,Total,,2018,rape,50
Nagaland,Total,,2018,rape,10
Odisha,Total,,2018,rape,918
Punjab,Total,,2018,rape,831
Rajasthan,Total,,2018,rape,4335
Sikkim,Total,,2018,rape,16
Tamil Nadu,Total,,2018,rape,331
Telangana,Total,,2018,rape,606
Tripura,Total,,2018,rape,97
Uttar Pradesh,Total,,2018,rape,3946
Uttarakhand,Total,,2018,rape,561
West Bengal,Total,,2018,rape,1069
A&N Islands,Total,,2018,rape,30
Chandigarh,Total,,2018,rape,86
D&N Haveli,Total,,2018,rape,7
Daman & Diu,Total,,2018,rape,3
Delhi,Total,,2018,rape,1215
Lakshadweep,Total,,2018,rape,2
Puducherry,Total,,2018,rape,0
Andhra Pradesh,Total,,2019,rape,1086
Arunachal Pradesh,Total,,2019,rape,63
Assam,Total,,2019,rape,1773
Bihar,Total,,2019,rape,730
Chhattisgarh,Total,,2019,rape,1036
Goa,Total,,2019,rape,72
Gujarat,Total,,2019,rape,528
Haryana,Total,,2019,rape,1480
Himachal Pradesh,Total,,2019,rape,359
Jammu and Kashmir,Total,,2019,rape,223
Jharkhand,Total,,2019,rape,1416
Karnataka,Total,,2019,rape,505
Kerala,Total,,2019,rape,2023
Madhya Pradesh,Total,,2019,rape,2485
Maharashtra,Total,,2019,rape,2299
Manipur,Total,,2019,rape,36
Meghalaya,Total,,2019,rape,102
Mizoram,Total,,2019,rape,42
Nagaland,Total,,2019,rape,8
Odisha,Total,,2019,rape,1382
Punjab,Total,,2019,rape,1002
Rajasthan,Total,,2019,rape,5997
Sikkim,Total,,2019,rape,11
Tamil Nadu,Total,,2019,rape,362
Telangana,Total,,2019,rape,873
Tripura,Total,,2019,rape,88
Uttar Pradesh,Total,,2019,rape,3065
Uttarakhand,Total,,2019,rape,526
West Bengal,Total,,2019,rape,1069
A&N Islands,Total,,2019,rape,13
Chandigarh,Total,,2019,rape,112
D&N Haveli,Total,,2019,rape,0
Daman & Diu,Total,,2019,rape,4
Delhi,Total,,2019,rape,1253
Lakshadweep,Total,,2019,rape,0
Puducherry,Total,,2019,rape,10
Andhra Pradesh,Total Districts,,2020,rape,1095
Arunachal Pradesh,Total Districts,,2020,rape,60
Assam,Total Districts,,2020,rape,1657
Bihar,Total Districts,,2020,rape,806
Chhattisgarh,Total Districts,,2020,rape,1210
Goa,Total Districts,,2020,rape,60
Gujarat,Total Districts,,2020,rape,486
Haryana,Total Districts,,2020,rape,1373
Himachal Pradesh,Total Districts,,2020,rape,331
Jharkhand,Total Districts,,2020,rape,1321
Karnataka,Total Districts,,2020,rape,504
Kerala,Total Districts,,2020,rape,637
Madhya Pradesh,Total Districts,,2020,rape,2339
Maharashtra,Total Districts,,2020,rape,2061
Manipur,Total Districts,,2020,rape,32
Meghalaya,Total Districts,,2020,rape,67
Mizoram,Total Districts,,2020,rape,33
Nagaland,Total Districts,,2020,rape,4
Odisha,Total Districts,,2020,rape,1211
Punjab,Total Districts,,2020,rape,502
Rajasthan,Total Districts,,2020,rape,5310
Sikkim,Total Districts,,2020,rape,12
Tamil Nadu,Total Districts,,2020,rape,389
Telangana,Total Districts,,2020,rape,764
Tripura,Total Districts,,2020,rape,79
Uttar Pradesh,Total Districts,,2020,rape,2769
Uttarakhand,Total Districts,,2020,rape,487
West Bengal,Total Districts,,2020,rape,1128
A&N Islands,Total Districts,,2020,rape,2
Chandigarh,Total Districts,,2020,rape,60
D&N Haveli and Daman & Diu,Total Districts,,2020,rape,4
Delhi,Total Districts,,2020,rape,997
Jammu and Kashmir,Total Districts,,2020,rape,243
Ladakh,Total Districts,,2020,rape,2
Lakshadweep,Total Districts,,2020,rape,3
Puducherry,Total Districts,,2020,rape,8
Andhra Pradesh,Total,,2017,attempt to commit rape,175
Arunachal Pradesh,Total,,2017,attempt to commit rape,24
Assam,Total,,2017,attempt to commit rape,378
Bihar,Total,,2017,attempt to commit rape,317
Chhattisgarh,Total,,2017,attempt to commit rape,19
Goa,Total,,2017,attempt to commit rape,0
Gujarat,Total,,2017,attempt to commit rape,14
Haryana,Total,,2017,attempt to commit rape,145
Himachal Pradesh,Total,,2017,attempt to commit rape,8
Jammu and Kashmir,Total,,2017,attempt to commit rape,21
Jharkhand,Total,,2017,attempt to commit rape,168
Karnataka,Total,,2017,attempt to commit rape,12
Kerala,Total,,2017,attempt to commit rape,57
Madhya Pradesh,Total,,2017,attempt to commit rape,61
Maharashtra,Total,,2017,attempt to commit rape,9
Manipur,Total,,2017,attempt to commit rape,4
Meghalaya,Total,,2017,attempt to commit rape,20
Mizoram,Total,,2017,attempt to commit rape,1
Nagaland,Total,,2017,attempt to commit rape,2
Odisha,Total,,2017,attempt to commit rape,151
Punjab,Total,,2017,attempt to commit rape,79
Rajasthan,Total,,2017,attempt to commit rape,550
Sikkim,Total,,2017,attempt to commit rape,2
Tamil Nadu,Total,,2017,attempt to commit rape,11
Telangana,Total,,2017,attempt to commit rape,38
Tripura,Total,,2017,attempt to commit rape,17
Uttar Pradesh,Total,,2017,attempt to commit rape,601
Uttarakhand,Total,,2017,attempt to commit rape,19
West Bengal,Total,,2017,attempt to commit rape,1225
A&N Islands,Total,,2017,attempt to commit rape,0
Chandigarh,Total,,2017,attempt to commit rape,3
D&N Haveli,Total,,2017,attempt to commit rape,0
Daman & Diu,Total,,2017,attempt to commit rape,0
Delhi,Total,,2017,attempt to commit rape,20
Lakshadweep,Total,,2017,attempt to commit rape,0
Puducherry,Total,,2017,attempt to commit rape,3
Andhra Pradesh,Total,,2018,attempt to commit rape,191
Arunachal Pradesh,Total,,2018,attempt to commit rape,11
Assam,Total,,2018,attempt to commit rape,527
Bihar,Total,,2018,attempt to commit rape,110
Chhattisgarh,Total,,2018,attempt to commit rape,27
Goa,Total,,2018,attempt to commit rape,0
Gujarat,Total,,2018,attempt to commit rape,4
Haryana,Total,,2018,attempt to commit rape,176
Himachal Pradesh,Total,,2018,attempt to commit rape,11
Jammu and Kashmir,Total,,2018,attempt to commit rape,23
Jharkhand,Total,,2018,attempt to commit rape,251
Karnataka,Total,,2018,attempt to commit rape,10
Kerala,Total,,2018,attempt to commit rape,58
Madhya Pradesh,Total,,2018,attempt to commit rape,73
Maharashtra,Total,,2018,attempt to commit rape,4
Manipur,Total,,2018,attempt to commit rape,6
Meghalaya,Total,,2018,attempt to commit rape,22
Mizoram,Total,,2018,attempt to commit rape,0
Nagaland,Total,,2018,attempt to commit rape,0
Odisha,Total,,2018,attempt to commit rape,156
Punjab,Total,,2018,attempt to commit rape,79
Rajasthan,Total,,2018,attempt to commit rape,620
Sikkim,Total,,2018,attempt to commit rape,1
Tamil Nadu,Total,,2018,attempt to commit rape,13
Telangana,Total,,2018,attempt to commit rape,38
Tripura,Total,,2018,attempt to commit rape,33
Uttar Pradesh,Total,,2018,attempt to commit rape,661
Uttarakhand,Total,,2018,attempt to commit rape,19
West Bengal,Total,,2018,attempt to commit rape,944
A&N Islands,Total,,2018,attempt to commit rape,0
Chandigarh,Total,,2018,attempt to commit rape,9
D&N Haveli,Total,,2018,attempt to commit rape,0
Daman & Diu,Total,,2018,attempt to commit rape,0
Delhi,Total,,2018,attempt to commit rape,11
Lakshadweep,Total,,2018,attempt to commit rape,0
Puducherry,Total,,2018,attempt to commit rape,9
Andhra Pradesh,Total,,2019,attempt to commit rape,177
Arunachal Pradesh,Total,,2019,attempt to commit rape,2
Assam,Total,,2019,attempt to commit rape,400
Bihar,Total,,2019,attempt to commit rape,110
Chhattisgarh,Total,,2019,attempt to commit rape,9
Goa,Total,,2019,attempt to commit rape,0
Gujarat,Total,,2019,attempt to commit rape,1
Haryana,Total,,2019,attempt to commit rape,194
Himachal Pradesh,Total,,2019,attempt to commit rape,5
Jammu and Kashmir,Total,,2019,attempt to commit rape,13
Jharkhand,Total,,2019,attempt to commit rape,234
Karnataka,Total,,2019,attempt to commit rape,12
Kerala,Total,,2019,attempt to commit rape,51
Madhya Pradesh,Total,,2019,attempt to commit rape,39
Maharashtra,Total,,2019,attempt to commit rape,4
Manipur,Total,,2019,attempt to commit rape,1
Meghalaya,Total,,2019,attempt to commit rape,16
Mizoram,Total,,2019,attempt to commit rape,0
Nagaland,Total,,2019,attempt to commit rape,0
Odisha,Total,,2019,attempt to commit rape,151
Punjab,Total,,2019,attempt to commit rape,109
Rajasthan,Total,,2019,attempt to commit rape,1019
Sikkim,Total,,2019,attempt to commit rape,3
Tamil Nadu,Total,,2019,attempt to commit rape,8
Telangana,Total,,2019,attempt to commit rape,42
Tripura,Total,,2019,attempt to commit rape,9
Uttar Pradesh,Total,,2019,attempt to commit rape,358
Uttarakhand,Total,,2019,attempt to commit rape,21
West Bengal,Total,,2019,attempt to commit rape,944
A&N Islands,Total,,2019,attempt to commit rape,0
Chandigarh,Total,,2019,attempt to commit rape,2
D&N Haveli,Total,,2019,attempt to commit rape,0
Daman & Diu,Total,,2019,attempt to commit rape,0
Delhi,Total,,2019,attempt to commit rape,10
Lakshadweep,Total,,2019,attempt to commit rape,0
Puducherry,Total,,2019,attempt to commit rape,0
Andhra Pradesh,Total Districts,,2020,attempt to commit rape,141
Arunachal Pradesh,Total Districts,,2020,attempt to commit rape,2
Assam,Total Districts,,2020,attempt to commit rape,485
Bihar,Total Districts,,2020,attempt to commit rape,69
Chhattisgarh,Total Districts,,2020,attempt to commit rape,118
Goa,Total Districts,,2020,attempt to commit rape,0
Gujarat,Total Districts,,2020,attempt to commit rape,3
Haryana,Total Districts,,2020,attempt to commit rape,215
Himachal Pradesh,Total Districts,,2020,attempt to commit rape,3
Jharkhand,Total Districts,,2020,attempt to commit rape,188
Karnataka,Total Districts,,2020,attempt to commit rape,11
Kerala,Total Districts,,2020,attempt to commit rape,59
Madhya Pradesh,Total Districts,,2020,attempt to commit rape,35
Maharashtra,Total Districts,,2020,attempt to commit rape,3
Manipur,Total Districts,,2020,attempt to commit rape,5
Meghalaya,Total Districts,,2020,attempt to commit rape,19
Mizoram,Total Districts,,2020,attempt to commit rape,1
Nagaland,Total Districts,,2020,attempt to commit rape,0
Odisha,Total Districts,,2020,attempt to commit rape,144
Punjab,Total Districts,,2020,attempt to commit rape,53
Rajasthan,Total Districts,,2020,attempt to commit rape,965
Sikkim,Total Districts,,2020,attempt to commit rape,1
Tamil Nadu,Total Districts,,2020,attempt to commit rape,15
Telangana,Total Districts,,2020,attempt to commit rape,35
Tripura,Total Districts,,2020,attempt to commit rape,13
Uttar Pradesh,Total Districts,,2020,attempt to commit rape,251
Uttarakhand,Total Districts,,2020,attempt to commit rape,12
West Bengal,Total Districts,,2020,attempt to commit rape,872
A&N Islands,Total Districts,,2020,attempt to commit rape,1
Chandigarh,Total Districts,,2020,attempt to commit rape,3
D&N Haveli and Daman & Diu,Total Districts,,2020,attempt to commit rape,0
Delhi,Total Districts,,2020,attempt to commit rape,9
Jammu and Kashmir,Total Districts,,2020,attempt to commit rape,10
Ladakh,Total Districts,,2020,attempt to commit rape,0
Lakshadweep,Total Districts,,2020,attempt to commit rape,0
Puducherry,Total Districts,,2020,attempt to commit rape,0
Andhra Pradesh,Total,,2017,offences affecting the human body,42864
Arunachal Pradesh,Total,,2017,offences affecting the human body,880
Assam,Total,,2017,offences affecting the human body,37114
Bihar,Total,,2017,offences affecting the human body,114374
Chhattisgarh,Total,,2017,offences affecting the human body,26301
Goa,Total,,2017,offences affecting the human body,1069
Gujarat,Total,,2017,offences affecting the human body,22192
Haryana,Total,,2017,offences affecting the human body,26336
Himachal Pradesh,Total,,2017,offences affecting the human body,5235
Jammu and Kashmir,Total,,2017,offences affecting the human body,6912
Jharkhand,Total,,2017,offences affecting the human body,15885
Karnataka,Total,,2017,offences affecting the human body,44656
Kerala,Total,,2017,offences affecting the human body,34138
Madhya Pradesh,Total,,2017,offences affecting the human body,120914
Maharashtra,Total,,2017,offences affecting the human body,80506
Manipur,Total,,2017,offences affecting the human body,904
Meghalaya,Total,,2017,offences affecting the human body,836
Mizoram,Total,,2017,offences affecting the human body,295
Nagaland,Total,,2017,offences affecting the human body,238
Odisha,Total,,2017,offences affecting the human body,31679
Punjab,Total,,2017,offences affecting the human body,14541
Rajasthan,Total,,2017,offences affecting the human body,53220
Sikkim,Total,,2017,offences affecting the human body,293
Tamil Nadu,Total,,2017,offences affecting the human body,65678
Telangana,Total,,2017,offences affecting the human body,37710
Tripura,Total,,2017,offences affecting the human body,1985
Uttar Pradesh,Total,,2017,offences affecting the human body,112056
Uttarakhand,Total,,2017,offences affecting the human body,3855
West Bengal,Total,,2017,offences affecting the human body,64919
A&N Islands,Total,,2017,offences affecting the human body,252
Chandigarh,Total,,2017,offences affecting the human body,706
D&N Haveli,Total,,2017,offences affecting the human body,95
Daman & Diu,Total,,2017,offences affecting the human body,95
Delhi,Total,,2017,offences affecting the human body,19174
Lakshadweep,Total,,2017,offences affecting the human body,21
Puducherry,Total,,2017,offences affecting the human body,1143
Andhra Pradesh,Total,,2018,offences affecting the human body,41543
Arunachal Pradesh,Total,,2018,offences affecting the human body,961
Assam,Total,,2018,offences affecting the human body,43514
Bihar,Total,,2018,offences affecting the human body,130429
Chhattisgarh,Total,,2018,offences affecting the human body,28721
Goa,Total,,2018,offences affecting the human body,1016
Gujarat,Total,,2018,offences affecting the human body,24479
Haryana,Total,,2018,offences affecting the human body,29148
Himachal Pradesh,Total,,2018,offences affecting the human body,6062
Jammu and Kashmir,Total,,2018,offences affecting the human body,9119
Jharkhand,Total,,2018,offences affecting the human body,20287
Karnataka,Total,,2018,offences affecting the human body,43303
Kerala,Total,,2018,offences affecting the human body,34630
Madhya Pradesh,Total,,2018,offences affecting the human body,112136
Maharashtra,Total,,2018,offences affecting the human body,89311
Manipur,Total,,2018,offences affecting the human body,753
Meghalaya,Total,,2018,offences affecting the human body,853
Mizoram,Total,,2018,offences affecting the human body,314
Nagaland,Total,,2018,offences affecting the human body,264
Odisha,Total,,2018,offences affecting the human body,34015
Punjab,Total,,2018,offences affecting the human body,15157
Rajasthan,Total,,2018,offences affecting the human body,56971
Sikkim,Total,,2018,offences affecting the human body,283
Tamil Nadu,Total,,2018,offences affecting the human body,58168
Telangana,Total,,2018,offences affecting the human body,37929
Tripura,Total,,2018,offences affecting the human body,2715
Uttar Pradesh,Total,,2018,offences affecting the human body,128132
Uttarakhand,Total,,2018,offences affecting the human body,4441
West Bengal,Total,,2018,offences affecting the human body,63699
A&N Islands,Total,,2018,offences affecting the human body,254
Chandigarh,Total,,2018,offences affecting the human body,676
D&N Haveli,Total,,2018,offences affecting the human body,115
Daman & Diu,Total,,2018,offences affecting the human body,124
Delhi,Total,,2018,offences affecting the human body,19407
Lakshadweep,Total,,2018,offences affecting the human body,16
Puducherry,Total,,2018,offences affecting the human body,1112
Andhra Pradesh,Total,,2019,offences affecting the human body,40322
Arunachal Pradesh,Total,,2019,offences affecting the human body,896
Assam,Total,,2019,offences affecting the human body,44376
Bihar,Total,,2019,offences affecting the human body,130063
Chhattisgarh,Total,,2019,offences affecting the human body,30602
Goa,Total,,2019,offences affecting the human body,936
Gujarat,Total,,2019,offences affecting the human body,22111
Haryana,Total,,2019,offences affecting the human body,28285
Himachal Pradesh,Total,,2019,offences affecting the human body,6233
Jammu and Kashmir,Total,,2019,offences affecting the human body,7684
Jharkhand,Total,,2019,offences affecting the human body,19916
Karnataka,Total,,2019,offences affecting the human body,41934
Kerala,Total,,2019,offences affecting the human body,33333
Madhya Pradesh,Total,,2019,offences affecting the human body,105144
Maharashtra,Total,,2019,offences affecting the human body,87432
Manipur,Total,,2019,offences affecting the human body,801
Meghalaya,Total,,2019,offences affecting the human body,829
Mizoram,Total,,2019,offences affecting the human body,270
Nagaland,Total,,2019,offences affecting the human body,190
Odisha,Total,,2019,offences affecting the human body,37803
Punjab,Total,,2019,offences affecting the human body,16001
Rajasthan,Total,,2019,offences affecting the human body,74467
Sikkim,Total,,2019,offences affecting the human body,299
Tamil Nadu,Total,,2019,offences affecting the human body,57333
Telangana,Total,,2019,offences affecting the human body,39650
Tripura,Total,,2019,offences affecting the human body,2541
Uttar Pradesh,Total,,2019,offences affecting the human body,133731
Uttarakhand,Total,,2019,offences affecting the human body,3956
West Bengal,Total,,2019,offences affecting the human body,63699
A&N Islands,Total,,2019,offences affecting the human body,236
Chandigarh,Total,,2019,offences affecting the human body,660
D&N Haveli,Total,,2019,offences affecting the human body,103
Daman & Diu,Total,,2019,offences affecting the human body,110
Delhi,Total,,2019,offences affecting the human body,17974
Lakshadweep,Total,,2019,offences affecting the human body,36
Puducherry,Total,,2019,offences affecting the human body,989
Andhra Pradesh,Total Districts,,2020,offences affecting the human body,40252
Arunachal Pradesh,Total Districts,,2020,offences affecting the human body,654
Assam,Total Districts,,2020,offences affecting the human body,39944
Bihar,Total Districts,,2020,offences affecting the human body,132023
Chhattisgarh,Total Districts,,2020,offences affecting the human body,33434
Goa,Total Districts,,2020,offences affecting the human body,723
Gujarat,Total Districts,,2020,offences affecting the human body,20051
Haryana,Total Districts,,2020,offences affecting the human body,26160
Himachal Pradesh,Total Districts,,2020,offences affecting the human body,6472
Jharkhand,Total Districts,,2020,offences affecting the human body,22693
Karnataka,Total Districts,,2020,offences affecting the human body,37755
Kerala,Total Districts,,2020,offences affecting the human body,26677
Madhya Pradesh,Total Districts,,2020,offences affecting the human body,117146
Maharashtra,Total Districts,,2020,offences affecting the human body,86997
Manipur,Total Districts,,2020,offences affecting the human body,627
Meghalaya,Total Districts,,2020,offences affecting the human body,705
Mizoram,Total Districts,,2020,offences affecting the human body,259
Nagaland,Total Districts,,2020,offences affecting the human body,163
Odisha,Total Districts,,2020,offences affecting the human body,47541
Punjab,Total Districts,,2020,offences affecting the human body,14997
Rajasthan,Total Districts,,2020,offences affecting the human body,70377
Sikkim,Total Districts,,2020,offences affecting the human body,182
Tamil Nadu,Total Districts,,2020,offences affecting the human body,52235
Telangana,Total Districts,,2020,offences affecting the human body,44101
Tripura,Total Districts,,2020,offences affecting the human body,2019
Uttar Pradesh,Total Districts,,2020,offences affecting the human body,129730
Uttarakhand,Total Districts,,2020,offences affecting the human body,3161
West Bengal,Total Districts,,2020,offences affecting the human body,65450
A&N Islands,Total Districts,,2020,offences affecting the human body,153
Chandigarh,Total Districts,,2020,offences affecting the human body,454
D&N Haveli and Daman & Diu,Total Districts,,2020,offences affecting the human body,164
Delhi,Total Districts,,2020,offences affecting the human body,14296
Jammu and Kashmir,Total Districts,,2020,offences affecting the human body,8553
Ladakh,Total Districts,,2020,offences affecting the human body,57
Lakshadweep,Total Districts,,2020,offences affecting the human body,35
Puducherry,Total Districts,,2020,offences affecting the human body,976
Andhra Pradesh,Total,,2017,rioting,510
Arunachal Pradesh,Total,,2017,rioting,20
Assam,Total,,2017,rioting,1246
Bihar,Total,,2017,rioting,11698
Chhattisgarh,Total,,2017,rioting,664
Goa,Total,,2017,rioting,121
Gujarat,Total,,2017,rioting,1740
Haryana,Total,,2017,rioting,2408
Himachal Pradesh,Total,,2017,rioting,338
Jammu and Kashmir,Total,,2017,rioting,1486
Jharkhand,Total,,2017,rioting,1791
Karnataka,Total,,2017,rioting,5377
Kerala,Total,,2017,rioting,4689
Madhya Pradesh,Total,,2017,rioting,1741
Maharashtra,Total,,2017,rioting,7743
Manipur,Total,,2017,rioting,109
Meghalaya,Total,,2017,rioting,5
Mizoram,Total,,2017,rioting,2
Nagaland,Total,,2017,rioting,5
Odisha,Total,,2017,rioting,2407
Punjab,Total,,2017,rioting,1
Rajasthan,Total,,2017,rioting,345
Sikkim,Total,,2017,rioting,2
Tamil Nadu,Total,,2017,rioting,1935
Telangana,Total,,2017,rioting,542
Tripura,Total,,2017,rioting,125
Uttar Pradesh,Total,,2017,rioting,8990
Uttarakhand,Total,,2017,rioting,622
West Bengal,Total,,2017,rioting,2067
A&N Islands,Total,,2017,rioting,7
Chandigarh,Total,,2017,rioting,38
D&N Haveli,Total,,2017,rioting,9
Daman & Diu,Total,,2017,rioting,7
Delhi,Total,,2017,rioting,50
Lakshadweep,Total,,2017,rioting,1
Puducherry,Total,,2017,rioting,39
Andhra Pradesh,Total,,2018,rioting,561
Arunachal Pradesh,Total,,2018,rioting,20
Assam,Total,,2018,rioting,1158
Bihar,Total,,2018,rioting,10276
Chhattisgarh,Total,,2018,rioting,665
Goa,Total,,2018,rioting,93
Gujarat,Total,,2018,rioting,1898
Haryana,Total,,2018,rioting,2683
Himachal Pradesh,Total,,2018,rioting,404
Jammu and Kashmir,Total,,2018,rioting,1430
Jharkhand,Total,,2018,rioting,1782
Karnataka,Total,,2018,rioting,4747
Kerala,Total,,2018,rioting,4236
Madhya Pradesh,Total,,2018,rioting,1347
Maharashtra,Total,,2018,rioting,9473
Manipur,Total,,2018,rioting,79
Meghalaya,Total,,2018,rioting,5
Mizoram,Total,,2018,rioting,0
Nagaland,Total,,2018,rioting,10
Odisha,Total,,2018,rioting,2123
Punjab,Total,,2018,rioting,0
Rajasthan,Total,,2018,rioting,392
Sikkim,Total,,2018,rioting,3
Tamil Nadu,Total,,2018,rioting,2240
Telangana,Total,,2018,rioting,643
Tripura,Total,,2018,rioting,256
Uttar Pradesh,Total,,2018,rioting,8908
Uttarakhand,Total,,2018,rioting,549
West Bengal,Total,,2018,rioting,1728
A&N Islands,Total,,2018,rioting,6
Chandigarh,Total,,2018,rioting,54
D&N Haveli,Total,,2018,rioting,5
Daman & Diu,Total,,2018,rioting,2
Delhi,Total,,2018,rioting,23
Lakshadweep,Total,,2018,rioting,2
Puducherry,Total,,2018,rioting,27
Andhra Pradesh,Total,,2019,rioting,492
Arunachal Pradesh,Total,,2019,rioting,60
Assam,Total,,2019,rioting,1033
Bihar,Total,,2019,rioting,7262
Chhattisgarh,Total,,2019,rioting,615
Goa,Total,,2019,rioting,103
Gujarat,Total,,2019,rioting,1353
Haryana,Total,,2019,rioting,2268
Himachal Pradesh,Total,,2019,rioting,372
Jammu and Kashmir,Total,,2019,rioting,1022
Jharkhand,Total,,2019,rioting,2207
Karnataka,Total,,2019,rioting,4107
Kerala,Total,,2019,rioting,3514
Madhya Pradesh,Total,,2019,rioting,1110
Maharashtra,Total,,2019,rioting,7518
Manipur,Total,,2019,rioting,69
Meghalaya,Total,,2019,rioting,0
Mizoram,Total,,2019,rioting,2
Nagaland,Total,,2019,rioting,1
Odisha,Total,,2019,rioting,1993
Punjab,Total,,2019,rioting,0
Rajasthan,Total,,2019,rioting,392
Sikkim,Total,,2019,rioting,34
Tamil Nadu,Total,,2019,rioting,1722
Telangana,Total,,2019,rioting,715
Tripura,Total,,2019,rioting,171
Uttar Pradesh,Total,,2019,rioting,5714
Uttarakhand,Total,,2019,rioting,521
West Bengal,Total,,2019,rioting,1728
A&N Islands,Total,,2019,rioting,3
Chandigarh,Total,,2019,rioting,46
D&N Haveli,Total,,2019,rioting,11
Daman & Diu,Total,,2019,rioting,1
Delhi,Total,,2019,rioting,23
Lakshadweep,Total,,2019,rioting,12
Puducherry,Total,,2019,rioting,15
Andhra Pradesh,Total Districts,,2020,rioting,431
Arunachal Pradesh,Total Districts,,2020,rioting,10
Assam,Total Districts,,2020,rioting,829
Bihar,Total Districts,,2020,rioting,9422
Chhattisgarh,Total Districts,,2020,rioting,1019
Goa,Total Districts,,2020,rioting,40
Gujarat,Total Districts,,2020,rioting,1083
Haryana,Total Districts,,2020,rioting,2467
Himachal Pradesh,Total Districts,,2020,rioting,410
Jharkhand,Total Districts,,2020,rioting,2707
Karnataka,Total Districts,,2020,rioting,4553
Kerala,Total Districts,,2020,rioting,3520
Madhya Pradesh,Total Districts,,2020,rioting,1240
Maharashtra,Total Districts,,2020,rioting,9157
Manipur,Total Districts,,2020,rioting,60
Meghalaya,Total Districts,,2020,rioting,2
Mizoram,Total Districts,,2020,rioting,1
Nagaland,Total Districts,,2020,rioting,0
Odisha,Total Districts,,2020,rioting,2059
Punjab,Total Districts,,2020,rioting,0
Rajasthan,Total Districts,,2020,rioting,342
Sikkim,Total Districts,,2020,rioting,1
Tamil Nadu,Total Districts,,2020,rioting,2122
Telangana,Total Districts,,2020,rioting,771
Tripura,Total Districts,,2020,rioting,83
Uttar Pradesh,Total Districts,,2020,rioting,6126
Uttarakhand,Total Districts,,2020,rioting,676
West Bengal,Total Districts,,2020,rioting,933
A&N Islands,Total Districts,,2020,rioting,1
Chandigarh,Total Districts,,2020,rioting,31
D&N Haveli and Daman & Diu,Total Districts,,2020,rioting,5
Delhi,Total Districts,,2020,rioting,689
Jammu and Kashmir,Total Districts,,2020,rioting,782
Ladakh,Total Districts,,2020,rioting,1
Lakshadweep,Total Districts,,2020,rioting,0
Puducherry,Total Districts,,2020,rioting,33
Andhra Pradesh,Total,,2017,theft,13303
Arunachal Pradesh,Total,,2017,theft,581
Assam,Total,,2017,theft,14298
Bihar,Total,,2017,theft,27207
Chhattisgarh,Total,,2017,theft,6727
Goa,Total,,2017,theft,468
Gujarat,Total,,2017,theft,15322
Haryana,Total,,2017,theft,26264
Himachal Pradesh,Total,,2017,theft,594
Jammu and Kashmir,Total,,2017,theft,1845
Jharkhand,Total,,2017,theft,8841
Karnataka,Total,,2017,theft,21211
Kerala,Total,,2017,theft,3844
Madhya Pradesh,Total,,2017,theft,31043
Maharashtra,Total,,2017,theft,86756
Manipur,Total,,2017,theft,785
Meghalaya,Total,,2017,theft,876
Mizoram,Total,,2017,theft,931
Nagaland,Total,,2017,theft,386
Odisha,Total,,2017,theft,9083
Punjab,Total,,2017,theft,6929
Rajasthan,Total,,2017,theft,27573
Sikkim,Total,,2017,theft,79
Tamil Nadu,Total,,2017,theft,15422
Telangana,Total,,2017,theft,12568
Tripura,Total,,2017,theft,272
Uttar Pradesh,Total,,2017,theft,60434
Uttarakhand,Total,,2017,theft,2133
West Bengal,Total,,2017,theft,17012
A&N Islands,Total,,2017,theft,48
Chandigarh,Total,,2017,theft,1460
D&N Haveli,Total,,2017,theft,38
Daman & Diu,Total,,2017,theft,59
Delhi,Total,,2017,theft,173996
Lakshadweep,Total,,2017,theft,18
Puducherry,Total,,2017,theft,652
Andhra Pradesh,Total,,2018,theft,11066
Arunachal Pradesh,Total,,2018,theft,623
Assam,Total,,2018,theft,15800
Bihar,Total,,2018,theft,30916
Chhattisgarh,Total,,2018,theft,6679
Goa,Total,,2018,theft,502
Gujarat,Total,,2018,theft,14213
Haryana,Total,,2018,theft,28969
Himachal Pradesh,Total,,2018,theft,715
Jammu and Kashmir,Total,,2018,theft,1857
Jharkhand,Total,,2018,theft,8762
Karnataka,Total,,2018,theft,19737
Kerala,Total,,2018,theft,3651
Madhya Pradesh,Total,,2018,theft,30096
Maharashtra,Total,,2018,theft,104855
Manipur,Total,,2018,theft,899
Meghalaya,Total,,2018,theft,671
Mizoram,Total,,2018,theft,721
Nagaland,Total,,2018,theft,419
Odisha,Total,,2018,theft,9069
Punjab,Total,,2018,theft,7065
Rajasthan,Total,,2018,theft,28875
Sikkim,Total,,2018,theft,33
Tamil Nadu,Total,,2018,theft,17570
Telangana,Total,,2018,theft,11929
Tripura,Total,,2018,theft,372
Uttar Pradesh,Total,,2018,theft,55614
Uttarakhand,Total,,2018,theft,2341
West Bengal,Total,,2018,theft,13665
A&N Islands,Total,,2018,theft,69
Chandigarh,Total,,2018,theft,1298
D&N Haveli,Total,,2018,theft,23
Daman & Diu,Total,,2018,theft,49
Delhi,Total,,2018,theft,195688
Lakshadweep,Total,,2018,theft,8
Puducherry,Total,,2018,theft,622
Andhra Pradesh,Total,,2019,theft,11301
Arunachal Pradesh,Total,,2019,theft,489
Assam,Total,,2019,theft,16478
Bihar,Total,,2019,theft,34971
Chhattisgarh,Total,,2019,theft,7110
Goa,Total,,2019,theft,515
Gujarat,Total,,2019,theft,14282
Haryana,Total,,2019,theft,25792
Himachal Pradesh,Total,,2019,theft,477
Jammu and Kashmir,Total,,2019,theft,1923
Jharkhand,Total,,2019,theft,10441
Karnataka,Total,,2019,theft,18840
Kerala,Total,,2019,theft,3401
Madhya Pradesh,Total,,2019,theft,29270
Maharashtra,Total,,2019,theft,96517
Manipur,Total,,2019,theft,877
Meghalaya,Total,,2019,theft,752
Mizoram,Total,,2019,theft,1057
Nagaland,Total,,2019,theft,378
Odisha,Total,,2019,theft,10766
Punjab,Total,,2019,theft,7562
Rajasthan,Total,,2019,theft,40815
Sikkim,Total,,2019,theft,32
Tamil Nadu,Total,,2019,theft,15684
Telangana,Total,,2019,theft,12477
Tripura,Total,,2019,theft,502
Uttar Pradesh,Total,,2019,theft,50197
Uttarakhand,Total,,2019,theft,1830
West Bengal,Total,,2019,theft,13665
A&N Islands,Total,,2019,theft,32
Chandigarh,Total,,2019,theft,908
D&N Haveli,Total,,2019,theft,23
Daman & Diu,Total,,2019,theft,64
Delhi,Total,,2019,theft,245985
Lakshadweep,Total,,2019,theft,19
Puducherry,Total,,2019,theft,484
Andhra Pradesh,Total Districts,,2020,theft,9508
Arunachal Pradesh,Total Districts,,2020,theft,395
Assam,Total Districts,,2020,theft,14391
Bihar,Total Districts,,2020,theft,31982
Chhattisgarh,Total Districts,,2020,theft,6040
Goa,Total Districts,,2020,theft,398
Gujarat,Total Districts,,2020,theft,9487
Haryana,Total Districts,,2020,theft,20657
Himachal Pradesh,Total Districts,,2020,theft,347
Jharkhand,Total Districts,,2020,theft,9470
Karnataka,Total Districts,,2020,theft,13871
Kerala,Total Districts,,2020,theft,2418
Madhya Pradesh,Total Districts,,2020,theft,23716
Maharashtra,Total Districts,,2020,theft,55730
Manipur,Total Districts,,2020,theft,659
Meghalaya,Total Districts,,2020,theft,711
Mizoram,Total Districts,,2020,theft,676
Nagaland,Total Districts,,2020,theft,386
Odisha,Total Districts,,2020,theft,10412
Punjab,Total Districts,,2020,theft,6401
Rajasthan,Total Districts,,2020,theft,28695
Sikkim,Total Districts,,2020,theft,29
Tamil Nadu,Total Districts,,2020,theft,12492
Telangana,Total Districts,,2020,theft,9475
Tripura,Total Districts,,2020,theft,353
Uttar Pradesh,Total Districts,,2020,theft,33250
Uttarakhand,Total Districts,,2020,theft,1458
West Bengal,Total Districts,,2020,theft,9242
A&N Islands,Total Districts,,2020,theft,25
Chandigarh,Total Districts,,2020,theft,614
D&N Haveli and Daman & Diu,Total Districts,,2020,theft,47
Delhi,Total Districts,,2020,theft,177439
Jammu and Kashmir,Total Districts,,2020,theft,2064
Ladakh,Total Districts,,2020,theft,2
Lakshadweep,Total Districts,,2020,theft,9
Puducherry,Total Districts,,2020,theft,323
Andhra Pradesh,Total,,2017,burglary,4386
Arunachal Pradesh,Total,,2017,burglary,210
Assam,Total,,2017,burglary,4658
Bihar,Total,,2017,burglary,4776
Chhattisgarh,Total,,2017,burglary,3541
Goa,Total,,2017,burglary,184
Gujarat,Total,,2017,burglary,4377
Haryana,Total,,2017,burglary,7447
Himachal Pradesh,Total,,2017,burglary,549
Jammu and Kashmir,Total,,2017,burglary,1364
Jharkhand,Total,,2017,burglary,1631
Karnataka,Total,,2017,burglary,6237
Kerala,Total,,2017,burglary,2380
Madhya Pradesh,Total,,2017,burglary,10613
Maharashtra,Total,,2017,burglary,15412
Manipur,Total,,2017,burglary,90
Meghalaya,Total,,2017,burglary,281
Mizoram,Total,,2017,burglary,564
Nagaland,Total,,2017,burglary,81
Odisha,Total,,2017,burglary,3953
Punjab,Total,,2017,burglary,3032
Rajasthan,Total,,2017,burglary,5022
Sikkim,Total,,2017,burglary,77
Tamil Nadu,Total,,2017,burglary,4751
Telangana,Total,,2017,burglary,4766
Tripura,Total,,2017,burglary,176
Uttar Pradesh,Total,,2017,burglary,9272
Uttarakhand,Total,,2017,burglary,417
West Bengal,Total,,2017,burglary,258
A&N Islands,Total,,2017,burglary,70
Chandigarh,Total,,2017,burglary,181
D&N Haveli,Total,,2017,burglary,24
Daman & Diu,Total,,2017,burglary,22
Delhi,Total,,2017,burglary,9828
Lakshadweep,Total,,2017,burglary,3
Puducherry,Total,,2017,burglary,78
Andhra Pradesh,Total,,2018,burglary,3302
Arunachal Pradesh,Total,,2018,burglary,176
Assam,Total,,2018,burglary,4507
Bihar,Total,,2018,burglary,4612
Chhattisgarh,Total,,2018,burglary,3469
Goa,Total,,2018,burglary,144
Gujarat,Total,,2018,burglary,4102
Haryana,Total,,2018,burglary,7771
Himachal Pradesh,Total,,2018,burglary,637
Jammu and Kashmir,Total,,2018,burglary,1331
Jharkhand,Total,,2018,burglary,1714
Karnataka,Total,,2018,burglary,5565
Kerala,Total,,2018,burglary,2389
Madhya Pradesh,Total,,2018,burglary,9951
Maharashtra,Total,,2018,burglary,14913
Manipur,Total,,2018,burglary,71
Meghalaya,Total,,2018,burglary,270
Mizoram,Total,,2018,burglary,459
Nagaland,Total,,2018,burglary,79
Odisha,Total,,2018,burglary,3713
Punjab,Total,,2018,burglary,3047
Rajasthan,Total,,2018,burglary,5196
Sikkim,Total,,2018,burglary,77
Tamil Nadu,Total,,2018,burglary,4516
Telangana,Total,,2018,burglary,4272
Tripura,Total,,2018,burglary,209
Uttar Pradesh,Total,,2018,burglary,8320
Uttarakhand,Total,,2018,burglary,385
West Bengal,Total,,2018,burglary,217
A&N Islands,Total,,2018,burglary,62
Chandigarh,Total,,2018,burglary,194
D&N Haveli,Total,,2018,burglary,21
Daman & Diu,Total,,2018,burglary,28
Delhi,Total,,2018,burglary,4147
Lakshadweep,Total,,2018,burglary,0
Puducherry,Total,,2018,burglary,74
Andhra Pradesh,Total,,2019,burglary,3857
Arunachal Pradesh,Total,,2019,burglary,163
Assam,Total,,2019,burglary,4945
Bihar,Total,,2019,burglary,4599
Chhattisgarh,Total,,2019,burglary,3788
Goa,Total,,2019,burglary,124
Gujarat,Total,,2019,burglary,3533
Haryana,Total,,2019,burglary,7733
Himachal Pradesh,Total,,2019,burglary,452
Jammu and Kashmir,Total,,2019,burglary,1239
Jharkhand,Total,,2019,burglary,1748
Karnataka,Total,,2019,burglary,5157
Kerala,Total,,2019,burglary,2293
Madhya Pradesh,Total,,2019,burglary,9661
Maharashtra,Total,,2019,burglary,14513
Manipur,Total,,2019,burglary,37
Meghalaya,Total,,2019,burglary,272
Mizoram,Total,,2019,burglary,646
Nagaland,Total,,2019,burglary,100
Odisha,Total,,2019,burglary,4149
Punjab,Total,,2019,burglary,3324
Rajasthan,Total,,2019,burglary,7182
Sikkim,Total,,2019,burglary,57
Tamil Nadu,Total,,2019,burglary,4392
Telangana,Total,,2019,burglary,4623
Tripura,Total,,2019,burglary,195
Uttar Pradesh,Total,,2019,burglary,8309
Uttarakhand,Total,,2019,burglary,307
West Bengal,Total,,2019,burglary,217
A&N Islands,Total,,2019,burglary,38
Chandigarh,Total,,2019,burglary,125
D&N Haveli,Total,,2019,burglary,18
Daman & Diu,Total,,2019,burglary,32
Delhi,Total,,2019,burglary,3026
Lakshadweep,Total,,2019,burglary,0
Puducherry,Total,,2019,burglary,43
Andhra Pradesh,Total Districts,,2020,burglary,3386
Arunachal Pradesh,Total Districts,,2020,burglary,140
Assam,Total Districts,,2020,burglary,4500
Bihar,Total Districts,,2020,burglary,4031
Chhattisgarh,Total Districts,,2020,burglary,3652
Goa,Total Districts,,2020,burglary,109
Gujarat,Total Districts,,2020,burglary,2704
Haryana,Total Districts,,2020,burglary,6953
Himachal Pradesh,Total Districts,,2020,burglary,275
Jharkhand,Total Districts,,2020,burglary,1631
Karnataka,Total Districts,,2020,burglary,4191
Kerala,Total Districts,,2020,burglary,1619
Madhya Pradesh,Total Districts,,2020,burglary,8288
Maharashtra,Total Districts,,2020,burglary,12014
Manipur,Total Districts,,2020,burglary,57
Meghalaya,Total Districts,,2020,burglary,230
Mizoram,Total Districts,,2020,burglary,421
Nagaland,Total Districts,,2020,burglary,71
Odisha,Total Districts,,2020,burglary,4500
Punjab,Total Districts,,2020,burglary,2913
Rajasthan,Total Districts,,2020,burglary,5828
Sikkim,Total Districts,,2020,burglary,27
Tamil Nadu,Total Districts,,2020,burglary,4275
Telangana,Total Districts,,2020,burglary,3957
Tripura,Total Districts,,2020,burglary,133
Uttar Pradesh,Total Districts,,2020,burglary,6361
Uttarakhand,Total Districts,,2020,burglary,351
West Bengal,Total Districts,,2020,burglary,96
A&N Islands,Total Districts,,2020,burglary,24
Chandigarh,Total Districts,,2020,burglary,78
D&N Haveli and Daman & Diu,Total Districts,,2020,burglary,24
Delhi,Total Districts,,2020,burglary,2199
Jammu and Kashmir,Total Districts,,2020,burglary,1136
Ladakh,Total Districts,,2020,burglary,6
Lakshadweep,Total Districts,,2020,burglary,0
Puducherry,Total Districts,,2020,burglary,43
Andhra Pradesh,Total,,2017,burglary-day,931
Arunachal Pradesh,Total,,2017,burglary-day,25
Assam,Total,,2017,burglary-day,778
Bihar,Total,,2017,burglary-day,303
Chhattisgarh,Total,,2017,burglary-day,395
Goa,Total,,2017,burglary-day,35
Gujarat,Total,,2017,burglary-day,440
Haryana,Total,,2017,burglary-day,1103
Himachal Pradesh,Total,,2017,burglary-day,109
Jammu and Kashmir,Total,,2017,burglary-day,226
Jharkhand,Total,,2017,burglary-day,184
Karnataka,Total,,2017,burglary-day,1219
Kerala,Total,,2017,burglary-day,496
Madhya Pradesh,Total,,2017,burglary-day,770
Maharashtra,Total,,2017,burglary-day,2979
Manipur,Total,,2017,burglary-day,0
Meghalaya,Total,,2017,burglary-day,76
Mizoram,Total,,2017,burglary-day,237
Nagaland,Total,,2017,burglary-day,9
Odisha,Total,,2017,burglary-day,160
Punjab,Total,,2017,burglary-day,581
Rajasthan,Total,,2017,burglary-day,870
Sikkim,Total,,2017,burglary-day,32
Tamil Nadu,Total,,2017,burglary-day,1134
Telangana,Total,,2017,burglary-day,1064
Tripura,Total,,2017,burglary-day,10
Uttar Pradesh,Total,,2017,burglary-day,706
Uttarakhand,Total,,2017,burglary-day,62
West Bengal,Total,,2017,burglary-day,26
A&N Islands,Total,,2017,burglary-day,24
Chandigarh,Total,,2017,burglary-day,52
D&N Haveli,Total,,2017,burglary-day,7
Daman & Diu,Total,,2017,burglary-day,10
Delhi,Total,,2017,burglary-day,3319
Lakshadweep,Total,,2017,burglary-day,0
Puducherry,Total,,2017,burglary-day,9
Andhra Pradesh,Total,,2018,burglary-day,645
Arunachal Pradesh,Total,,2018,burglary-day,16
Assam,Total,,2018,burglary-day,508
Bihar,Total,,2018,burglary-day,240
Chhattisgarh,Total,,2018,burglary-day,386
Goa,Total,,2018,burglary-day,21
Gujarat,Total,,2018,burglary-day,524
Haryana,Total,,2018,burglary-day,1203
Himachal Pradesh,Total,,2018,burglary-day,181
Jammu and Kashmir,Total,,2018,burglary-day,303
Jharkhand,Total,,2018,burglary-day,165
Karnataka,Total,,2018,burglary-day,1190
Kerala,Total,,2018,burglary-day,474
Madhya Pradesh,Total,,2018,burglary-day,1043
Maharashtra,Total,,2018,burglary-day,2473
Manipur,Total,,2018,burglary-day,1
Meghalaya,Total,,2018,burglary-day,98
Mizoram,Total,,2018,burglary-day,217
Nagaland,Total,,2018,burglary-day,3
Odisha,Total,,2018,burglary-day,88
Punjab,Total,,2018,burglary-day,602
Rajasthan,Total,,2018,burglary-day,951
Sikkim,Total,,2018,burglary-day,52
Tamil Nadu,Total,,2018,burglary-day,1090
Telangana,Total,,2018,burglary-day,945
Tripura,Total,,2018,burglary-day,19
Uttar Pradesh,Total,,2018,burglary-day,423
Uttarakhand,Total,,2018,burglary-day,78
West Bengal,Total,,2018,burglary-day,22
A&N Islands,Total,,2018,burglary-day,31
Chandigarh,Total,,2018,burglary-day,54
D&N Haveli,Total,,2018,burglary-day,5
Daman & Diu,Total,,2018,burglary-day,10
Delhi,Total,,2018,burglary-day,1175
Lakshadweep,Total,,2018,burglary-day,0
Puducherry,Total,,2018,burglary-day,11
Andhra Pradesh,Total,,2019,burglary-day,756
Arunachal Pradesh,Total,,2019,burglary-day,7
Assam,Total,,2019,burglary-day,520
Bihar,Total,,2019,burglary-day,12
Chhattisgarh,Total,,2019,burglary-day,410
Goa,Total,,2019,burglary-day,31
Gujarat,Total,,2019,burglary-day,491
Haryana,Total,,2019,burglary-day,1255
Himachal Pradesh,Total,,2019,burglary-day,111
Jammu and Kashmir,Total,,2019,burglary-day,196
Jharkhand,Total,,2019,burglary-day,114
Karnataka,Total,,2019,burglary-day,1075
Kerala,Total,,2019,burglary-day,502
Madhya Pradesh,Total,,2019,burglary-day,977
Maharashtra,Total,,2019,burglary-day,2445
Manipur,Total,,2019,burglary-day,2
Meghalaya,Total,,2019,burglary-day,123
Mizoram,Total,,2019,burglary-day,309
Nagaland,Total,,2019,burglary-day,11
Odisha,Total,,2019,burglary-day,58
Punjab,Total,,2019,burglary-day,655
Rajasthan,Total,,2019,burglary-day,1356
Sikkim,Total,,2019,burglary-day,20
Tamil Nadu,Total,,2019,burglary-day,1033
Telangana,Total,,2019,burglary-day,931
Tripura,Total,,2019,burglary-day,15
Uttar Pradesh,Total,,2019,burglary-day,272
Uttarakhand,Total,,2019,burglary-day,47
West Bengal,Total,,2019,burglary-day,22
A&N Islands,Total,,2019,burglary-day,16
Chandigarh,Total,,2019,burglary-day,38
D&N Haveli,Total,,2019,burglary-day,6
Daman & Diu,Total,,2019,burglary-day,9
Delhi,Total,,2019,burglary-day,977
Lakshadweep,Total,,2019,burglary-day,0
Puducherry,Total,,2019,burglary-day,3
Andhra Pradesh,Total Districts,,2020,burglary-day,555
Arunachal Pradesh,Total Districts,,2020,burglary-day,8
Assam,Total Districts,,2020,burglary-day,506
Bihar,Total Districts,,2020,burglary-day,21
Chhattisgarh,Total Districts,,2020,burglary-day,381
Goa,Total Districts,,2020,burglary-day,27
Gujarat,Total Districts,,2020,burglary-day,325
Haryana,Total Districts,,2020,burglary-day,887
Himachal Pradesh,Total Districts,,2020,burglary-day,65
Jharkhand,Total Districts,,2020,burglary-day,70
Karnataka,Total Districts,,2020,burglary-day,674
Kerala,Total Districts,,2020,burglary-day,376
Madhya Pradesh,Total Districts,,2020,burglary-day,725
Maharashtra,Total Districts,,2020,burglary-day,1616
Manipur,Total Districts,,2020,burglary-day,2
Meghalaya,Total Districts,,2020,burglary-day,65
Mizoram,Total Districts,,2020,burglary-day,168
Nagaland,Total Districts,,2020,burglary-day,7
Odisha,Total Districts,,2020,burglary-day,65
Punjab,Total Districts,,2020,burglary-day,491
Rajasthan,Total Districts,,2020,burglary-day,944
Sikkim,Total Districts,,2020,burglary-day,9
Tamil Nadu,Total Districts,,2020,burglary-day,798
Telangana,Total Districts,,2020,burglary-day,650
Tripura,Total Districts,,2020,burglary-day,4
Uttar Pradesh,Total Districts,,2020,burglary-day,269
Uttarakhand,Total Districts,,2020,burglary-day,67
West Bengal,Total Districts,,2020,burglary-day,13
A&N Islands,Total Districts,,2020,burglary-day,13
Chandigarh,Total Districts,,2020,burglary-day,19
D&N Haveli and Daman & Diu,Total Districts,,2020,burglary-day,7
Delhi,Total Districts,,2020,burglary-day,473
Jammu and Kashmir,Total Districts,,2020,burglary-day,195
Ladakh,Total Districts,,2020,burglary-day,0
Lakshadweep,Total Districts,,2020,burglary-day,0
Puducherry,Total Districts,,2020,burglary-day,4
Andhra Pradesh,Total,,2017,burglary-night,3455
Arunachal Pradesh,Total,,2017,burglary-night,185
Assam,Total,,2017,burglary-night,3880
Bihar,Total,,2017,burglary-night,4473
Chhattisgarh,Total,,2017,burglary-night,3146
Goa,Total,,2017,burglary-night,149
Gujarat,Total,,2017,burglary-night,3937
Haryana,Total,,2017,burglary-night,6344
Himachal Pradesh,Total,,2017,burglary-night,440
Jammu and Kashmir,Total,,2017,burglary-night,1138
Jharkhand,Total,,2017,burglary-night,1447
Karnataka,Total,,2017,burglary-night,5018
Kerala,Total,,2017,burglary-night,1884
Madhya Pradesh,Total,,2017,burglary-night,9843
Maharashtra,Total,,2017,burglary-night,12433
Manipur,Total,,2017,burglary-night,90
Meghalaya,Total,,2017,burglary-night,205
Mizoram,Total,,2017,burglary-night,327
Nagaland,Total,,2017,burglary-night,72
Odisha,Total,,2017,burglary-night,3793
Punjab,Total,,2017,burglary-night,2451
Rajasthan,Total,,2017,burglary-night,4152
Sikkim,Total,,2017,burglary-night,45
Tamil Nadu,Total,,2017,burglary-night,3617
Telangana,Total,,2017,burglary-night,3702
Tripura,Total,,2017,burglary-night,166
Uttar Pradesh,Total,,2017,burglary-night,8566
Uttarakhand,Total,,2017,burglary-night,355
West Bengal,Total,,2017,burglary-night,232
A&N Islands,Total,,2017,burglary-night,46
Chandigarh,Total,,2017,burglary-night,129
D&N Haveli,Total,,2017,burglary-night,17
Daman & Diu,Total,,2017,burglary-night,12
Delhi,Total,,2017,burglary-night,6509
Lakshadweep,Total,,2017,burglary-night,3
Puducherry,Total,,2017,burglary-night,69
Andhra Pradesh,Total,,2018,burglary-night,2657
Arunachal Pradesh,Total,,2018,burglary-night,160
Assam,Total,,2018,burglary-night,3999
Bihar,Total,,2018,burglary-night,4372
Chhattisgarh,Total,,2018,burglary-night,3083
Goa,Total,,2018,burglary-night,123
Gujarat,Total,,2018,burglary-night,3578
Haryana,Total,,2018,burglary-night,6568
Himachal Pradesh,Total,,2018,burglary-night,456
Jammu and Kashmir,Total,,2018,burglary-night,1028
Jharkhand,Total,,2018,burglary-night,1549
Karnataka,Total,,2018,burglary-night,4375
Kerala,Total,,2018,burglary-night,1915
Madhya Pradesh,Total,,2018,burglary-night,8908
Maharashtra,Total,,2018,burglary-night,12440
Manipur,Total,,2018,burglary-night,70
Meghalaya,Total,,2018,burglary-night,172
Mizoram,Total,,2018,burglary-night,242
Nagaland,Total,,2018,burglary-night,76
Odisha,Total,,2018,burglary-night,3625
Punjab,Total,,2018,burglary-night,2445
Rajasthan,Total,,2018,burglary-night,4245
Sikkim,Total,,2018,burglary-night,25
Tamil Nadu,Total,,2018,burglary-night,3426
Telangana,Total,,2018,burglary-night,3327
Tripura,Total,,2018,burglary-night,190
Uttar Pradesh,Total,,2018,burglary-night,7897
Uttarakhand,Total,,2018,burglary-night,307
West Bengal,Total,,2018,burglary-night,195
A&N Islands,Total,,2018,burglary-night,31
Chandigarh,Total,,2018,burglary-night,140
D&N Haveli,Total,,2018,burglary-night,16
Daman & Diu,Total,,2018,burglary-night,18
Delhi,Total,,2018,burglary-night,2972
Lakshadweep,Total,,2018,burglary-night,0
Puducherry,Total,,2018,burglary-night,63
Andhra Pradesh,Total,,2019,burglary-night,3101
Arunachal Pradesh,Total,,2019,burglary-night,156
Assam,Total,,2019,burglary-night,4425
Bihar,Total,,2019,burglary-night,4587
Chhattisgarh,Total,,2019,burglary-night,3378
Goa,Total,,2019,burglary-night,93
Gujarat,Total,,2019,burglary-night,3042
Haryana,Total,,2019,burglary-night,6478
Himachal Pradesh,Total,,2019,burglary-night,341
Jammu and Kashmir,Total,,2019,burglary-night,1043
Jharkhand,Total,,2019,burglary-night,1634
Karnataka,Total,,2019,burglary-night,4082
Kerala,Total,,2019,burglary-night,1791
Madhya Pradesh,Total,,2019,burglary-night,8684
Maharashtra,Total,,2019,burglary-night,12068
Manipur,Total,,2019,burglary-night,35
Meghalaya,Total,,2019,burglary-night,149
Mizoram,Total,,2019,burglary-night,337
Nagaland,Total,,2019,burglary-night,89
Odisha,Total,,2019,burglary-night,4091
Punjab,Total,,2019,burglary-night,2669
Rajasthan,Total,,2019,burglary-night,5826
Sikkim,Total,,2019,burglary-night,37
Tamil Nadu,Total,,2019,burglary-night,3359
Telangana,Total,,2019,burglary-night,3692
Tripura,Total,,2019,burglary-night,180
Uttar Pradesh,Total,,2019,burglary-night,8037
Uttarakhand,Total,,2019,burglary-night,260
West Bengal,Total,,2019,burglary-night,195
A&N Islands,Total,,2019,burglary-night,22
Chandigarh,Total,,2019,burglary-night,87
D&N Haveli,Total,,2019,burglary-night,12
Daman & Diu,Total,,2019,burglary-night,23
Delhi,Total,,2019,burglary-night,2049
Lakshadweep,Total,,2019,burglary-night,0
Puducherry,Total,,2019,burglary-night,40
Andhra Pradesh,Total Districts,,2020,burglary-night,2831
Arunachal Pradesh,Total Districts,,2020,burglary-night,132
Assam,Total Districts,,2020,burglary-night,3994
Bihar,Total Districts,,2020,burglary-night,4010
Chhattisgarh,Total Districts,,2020,burglary-night,3271
Goa,Total Districts,,2020,burglary-night,82
Gujarat,Total Districts,,2020,burglary-night,2379
Haryana,Total Districts,,2020,burglary-night,6066
Himachal Pradesh,Total Districts,,2020,burglary-night,210
Jharkhand,Total Districts,,2020,burglary-night,1561
Karnataka,Total Districts,,2020,burglary-night,3517
Kerala,Total Districts,,2020,burglary-night,1243
Madhya Pradesh,Total Districts,,2020,burglary-night,7563
Maharashtra,Total Districts,,2020,burglary-night,10398
Manipur,Total Districts,,2020,burglary-night,55
Meghalaya,Total Districts,,2020,burglary-night,165
Mizoram,Total Districts,,2020,burglary-night,253
Nagaland,Total Districts,,2020,burglary-night,64
Odisha,Total Districts,,2020,burglary-night,4435
Punjab,Total Districts,,2020,burglary-night,2422
Rajasthan,Total Districts,,2020,burglary-night,4884
Sikkim,Total Districts,,2020,burglary-night,18
Tamil Nadu,Total Districts,,2020,burglary-night,3477
Telangana,Total Districts,,2020,burglary-night,3307
Tripura,Total Districts,,2020,burglary-night,129
Uttar Pradesh,Total Districts,,2020,burglary-night,6092
Uttarakhand,Total Districts,,2020,burglary-night,284
West Bengal,Total Districts,,2020,burglary-night,83
A&N Islands,Total Districts,,2020,burglary-night,11
Chandigarh,Total Districts,,2020,burglary-night,59
D&N Haveli and Daman & Diu,Total Districts,,2020,burglary-night,17
Delhi,Total Districts,,2020,burglary-night,1726
Jammu and Kashmir,Total Districts,,2020,burglary-night,941
Ladakh,Total Districts,,2020,burglary-night,6
Lakshadweep,Total Districts,,2020,burglary-night,0
Puducherry,Total Districts,,2020,burglary-night,39
Andhra Pradesh,Total,,2017,extortion & blackmailing,477
Arunachal Pradesh,Total,,2017,extortion & blackmailing,93
Assam,Total,,2017,extortion & blackmailing,1162
Bihar,Total,,2017,extortion & blackmailing,900
Chhattisgarh,Total,,2017,extortion & blackmailing,68
Goa,Total,,2017,extortion & blackmailing,5
Gujarat,Total,,2017,extortion & blackmailing,346
Haryana,Total,,2017,extortion & blackmailing,320
Himachal Pradesh,Total,,2017,extortion & blackmailing,5
Jammu and Kashmir,Total,,2017,extortion & blackmailing,0
Jharkhand,Total,,2017,extortion & blackmailing,547
Karnataka,Total,,2017,extortion & blackmailing,236
Kerala,Total,,2017,extortion & blackmailing,74
Madhya Pradesh,Total,,2017,extortion & blackmailing,189
Maharashtra,Total,,2017,extortion & blackmailing,779
Manipur,Total,,2017,extortion & blackmailing,65
Meghalaya,Total,,2017,extortion & blackmailing,68
Mizoram,Total,,2017,extortion & blackmailing,6
Nagaland,Total,,2017,extortion & blackmailing,143
Odisha,Total,,2017,extortion & blackmailing,509
Punjab,Total,,2017,extortion & blackmailing,76
Rajasthan,Total,,2017,extortion & blackmailing,353
Sikkim,Total,,2017,extortion & blackmailing,0
Tamil Nadu,Total,,2017,extortion & blackmailing,1239
Telangana,Total,,2017,extortion & blackmailing,293
Tripura,Total,,2017,extortion & blackmailing,28
Uttar Pradesh,Total,,2017,extortion & blackmailing,855
Uttarakhand,Total,,2017,extortion & blackmailing,7
West Bengal,Total,,2017,extortion & blackmailing,699
A&N Islands,Total,,2017,extortion & blackmailing,0
Chandigarh,Total,,2017,extortion & blackmailing,4
D&N Haveli,Total,,2017,extortion & blackmailing,3
Daman & Diu,Total,,2017,extortion & blackmailing,0
Delhi,Total,,2017,extortion & blackmailing,171
Lakshadweep,Total,,2017,extortion & blackmailing,0
Puducherry,Total,,2017,extortion & blackmailing,16
Andhra Pradesh,Total,,2018,extortion & blackmailing,313
Arunachal Pradesh,Total,,2018,extortion & blackmailing,94
Assam,Total,,2018,extortion & blackmailing,1319
Bihar,Total,,2018,extortion & blackmailing,863
Chhattisgarh,Total,,2018,extortion & blackmailing,93
Goa,Total,,2018,extortion & blackmailing,6
Gujarat,Total,,2018,extortion & blackmailing,425
Haryana,Total,,2018,extortion & blackmailing,323
Himachal Pradesh,Total,,2018,extortion & blackmailing,11
Jammu and Kashmir,Total,,2018,extortion & blackmailing,1
Jharkhand,Total,,2018,extortion & blackmailing,587
Karnataka,Total,,2018,extortion & blackmailing,242
Kerala,Total,,2018,extortion & blackmailing,95
Madhya Pradesh,Total,,2018,extortion & blackmailing,201
Maharashtra,Total,,2018,extortion & blackmailing,1007
Manipur,Total,,2018,extortion & blackmailing,64
Meghalaya,Total,,2018,extortion & blackmailing,40
Mizoram,Total,,2018,extortion & blackmailing,11
Nagaland,Total,,2018,extortion & blackmailing,192
Odisha,Total,,2018,extortion & blackmailing,555
Punjab,Total,,2018,extortion & blackmailing,110
Rajasthan,Total,,2018,extortion & blackmailing,444
Sikkim,Total,,2018,extortion & blackmailing,4
Tamil Nadu,Total,,2018,extortion & blackmailing,1404
Telangana,Total,,2018,extortion & blackmailing,406
Tripura,Total,,2018,extortion & blackmailing,40
Uttar Pradesh,Total,,2018,extortion & blackmailing,1059
Uttarakhand,Total,,2018,extortion & blackmailing,5
West Bengal,Total,,2018,extortion & blackmailing,645
A&N Islands,Total,,2018,extortion & blackmailing,0
Chandigarh,Total,,2018,extortion & blackmailing,5
D&N Haveli,Total,,2018,extortion & blackmailing,4
Daman & Diu,Total,,2018,extortion & blackmailing,6
Delhi,Total,,2018,extortion & blackmailing,146
Lakshadweep,Total,,2018,extortion & blackmailing,0
Puducherry,Total,,2018,extortion & blackmailing,16
Andhra Pradesh,Total,,2019,extortion & blackmailing,331
Arunachal Pradesh,Total,,2019,extortion & blackmailing,94
Assam,Total,,2019,extortion & blackmailing,1463
Bihar,Total,,2019,extortion & blackmailing,856
Chhattisgarh,Total,,2019,extortion & blackmailing,81
Goa,Total,,2019,extortion & blackmailing,7
Gujarat,Total,,2019,extortion & blackmailing,464
Haryana,Total,,2019,extortion & blackmailing,354
Himachal Pradesh,Total,,2019,extortion & blackmailing,6
Jammu and Kashmir,Total,,2019,extortion & blackmailing,1
Jharkhand,Total,,2019,extortion & blackmailing,718
Karnataka,Total,,2019,extortion & blackmailing,163
Kerala,Total,,2019,extortion & blackmailing,71
Madhya Pradesh,Total,,2019,extortion & blackmailing,288
Maharashtra,Total,,2019,extortion & blackmailing,831
Manipur,Total,,2019,extortion & blackmailing,69
Meghalaya,Total,,2019,extortion & blackmailing,50
Mizoram,Total,,2019,extortion & blackmailing,7
Nagaland,Total,,2019,extortion & blackmailing,201
Odisha,Total,,2019,extortion & blackmailing,623
Punjab,Total,,2019,extortion & blackmailing,103
Rajasthan,Total,,2019,extortion & blackmailing,779
Sikkim,Total,,2019,extortion & blackmailing,3
Tamil Nadu,Total,,2019,extortion & blackmailing,1352
Telangana,Total,,2019,extortion & blackmailing,434
Tripura,Total,,2019,extortion & blackmailing,44
Uttar Pradesh,Total,,2019,extortion & blackmailing,810
Uttarakhand,Total,,2019,extortion & blackmailing,18
West Bengal,Total,,2019,extortion & blackmailing,645
A&N Islands,Total,,2019,extortion & blackmailing,0
Chandigarh,Total,,2019,extortion & blackmailing,3
D&N Haveli,Total,,2019,extortion & blackmailing,3
Daman & Diu,Total,,2019,extortion & blackmailing,2
Delhi,Total,,2019,extortion & blackmailing,179
Lakshadweep,Total,,2019,extortion & blackmailing,0
Puducherry,Total,,2019,extortion & blackmailing,14
Andhra Pradesh,Total Districts,,2020,extortion & blackmailing,320
Arunachal Pradesh,Total Districts,,2020,extortion & blackmailing,90
Assam,Total Districts,,2020,extortion & blackmailing,1366
Bihar,Total Districts,,2020,extortion & blackmailing,586
Chhattisgarh,Total Districts,,2020,extortion & blackmailing,71
Goa,Total Districts,,2020,extortion & blackmailing,7
Gujarat,Total Districts,,2020,extortion & blackmailing,408
Haryana,Total Districts,,2020,extortion & blackmailing,306
Himachal Pradesh,Total Districts,,2020,extortion & blackmailing,9
Jharkhand,Total Districts,,2020,extortion & blackmailing,678
Karnataka,Total Districts,,2020,extortion & blackmailing,134
Kerala,Total Districts,,2020,extortion & blackmailing,79
Madhya Pradesh,Total Districts,,2020,extortion & blackmailing,276
Maharashtra,Total Districts,,2020,extortion & blackmailing,721
Manipur,Total Districts,,2020,extortion & blackmailing,59
Meghalaya,Total Districts,,2020,extortion & blackmailing,39
Mizoram,Total Districts,,2020,extortion & blackmailing,11
Nagaland,Total Districts,,2020,extortion & blackmailing,131
Odisha,Total Districts,,2020,extortion & blackmailing,869
Punjab,Total Districts,,2020,extortion & blackmailing,137
Rajasthan,Total Districts,,2020,extortion & blackmailing,765
Sikkim,Total Districts,,2020,extortion & blackmailing,1
Tamil Nadu,Total Districts,,2020,extortion & blackmailing,967
Telangana,Total Districts,,2020,extortion & blackmailing,359
Tripura,Total Districts,,2020,extortion & blackmailing,36
Uttar Pradesh,Total Districts,,2020,extortion & blackmailing,666
Uttarakhand,Total Districts,,2020,extortion & blackmailing,17
West Bengal,Total Districts,,2020,extortion & blackmailing,470
A&N Islands,Total Districts,,2020,extortion & blackmailing,3
Chandigarh,Total Districts,,2020,extortion & blackmailing,6
D&N Haveli and Daman & Diu,Total Districts,,2020,extortion & blackmailing,2
Delhi,Total Districts,,2020,extortion & blackmailing,120
Jammu and Kashmir,Total Districts,,2020,extortion & blackmailing,1
Ladakh,Total Districts,,2020,extortion & blackmailing,0
Lakshadweep,Total Districts,,2020,extortion & blackmailing,0
Puducherry,Total Districts,,2020,extortion & blackmailing,12
Andhra Pradesh,Total,,2017,robbery,340
Arunachal Pradesh,Total,,2017,robbery,58
Assam,Total,,2017,robbery,1092
Bihar,Total,,2017,robbery,1594
Chhattisgarh,Total,,2017,robbery,356
Goa,Total,,2017,robbery,27
Gujarat,Total,,2017,robbery,1277
Haryana,Total,,2017,robbery,572
Himachal Pradesh,Total,,2017,robbery,8
Jammu and Kashmir,Total,,2017,robbery,57
Jharkhand,Total,,2017,robbery,526
Karnataka,Total,,2017,robbery,2152
Kerala,Total,,2017,robbery,807
Madhya Pradesh,Total,,2017,robbery,1581
Maharashtra,Total,,2017,robbery,6451
Manipur,Total,,2017,robbery,8
Meghalaya,Total,,2017,robbery,64
Mizoram,Total,,2017,robbery,5
Nagaland,Total,,2017,robbery,30
Odisha,Total,,2017,robbery,2048
Punjab,Total,,2017,robbery,122
Rajasthan,Total,,2017,robbery,972
Sikkim,Total,,2017,robbery,3
Tamil Nadu,Total,,2017,robbery,1841
Telangana,Total,,2017,robbery,790
Tripura,Total,,2017,robbery,17
Uttar Pradesh,Total,,2017,robbery,4089
Uttarakhand,Total,,2017,robbery,253
West Bengal,Total,,2017,robbery,369
A&N Islands,Total,,2017,robbery,8
Chandigarh,Total,,2017,robbery,54
D&N Haveli,Total,,2017,robbery,4
Daman & Diu,Total,,2017,robbery,1
Delhi,Total,,2017,robbery,3147
Lakshadweep,Total,,2017,robbery,1
Puducherry,Total,,2017,robbery,18
Andhra Pradesh,Total,,2018,robbery,252
Arunachal Pradesh,Total,,2018,robbery,63
Assam,Total,,2018,robbery,1501
Bihar,Total,,2018,robbery,1731
Chhattisgarh,Total,,2018,robbery,420
Goa,Total,,2018,robbery,18
Gujarat,Total,,2018,robbery,1483
Haryana,Total,,2018,robbery,502
Himachal Pradesh,Total,,2018,robbery,9
Jammu and Kashmir,Total,,2018,robbery,83
Jharkhand,Total,,2018,robbery,557
Karnataka,Total,,2018,robbery,2024
Kerala,Total,,2018,robbery,867
Madhya Pradesh,Total,,2018,robbery,1361
Maharashtra,Total,,2018,robbery,7430
Manipur,Total,,2018,robbery,6
Meghalaya,Total,,2018,robbery,56
Mizoram,Total,,2018,robbery,5
Nagaland,Total,,2018,robbery,17
Odisha,Total,,2018,robbery,2125
Punjab,Total,,2018,robbery,131
Rajasthan,Total,,2018,robbery,1022
Sikkim,Total,,2018,robbery,8
Tamil Nadu,Total,,2018,robbery,2295
Telangana,Total,,2018,robbery,576
Tripura,Total,,2018,robbery,25
Uttar Pradesh,Total,,2018,robbery,3218
Uttarakhand,Total,,2018,robbery,180
West Bengal,Total,,2018,robbery,291
A&N Islands,Total,,2018,robbery,2
Chandigarh,Total,,2018,robbery,58
D&N Haveli,Total,,2018,robbery,1
Daman & Diu,Total,,2018,robbery,3
Delhi,Total,,2018,robbery,2444
Lakshadweep,Total,,2018,robbery,0
Puducherry,Total,,2018,robbery,58
Andhra Pradesh,Total,,2019,robbery,310
Arunachal Pradesh,Total,,2019,robbery,76
Assam,Total,,2019,robbery,1944
Bihar,Total,,2019,robbery,2398
Chhattisgarh,Total,,2019,robbery,439
Goa,Total,,2019,robbery,11
Gujarat,Total,,2019,robbery,1035
Haryana,Total,,2019,robbery,620
Himachal Pradesh,Total,,2019,robbery,12
Jammu and Kashmir,Total,,2019,robbery,73
Jharkhand,Total,,2019,robbery,666
Karnataka,Total,,2019,robbery,1865
Kerala,Total,,2019,robbery,741
Madhya Pradesh,Total,,2019,robbery,1290
Maharashtra,Total,,2019,robbery,7763
Manipur,Total,,2019,robbery,2
Meghalaya,Total,,2019,robbery,83
Mizoram,Total,,2019,robbery,7
Nagaland,Total,,2019,robbery,28
Odisha,Total,,2019,robbery,2492
Punjab,Total,,2019,robbery,91
Rajasthan,Total,,2019,robbery,1421
Sikkim,Total,,2019,robbery,3
Tamil Nadu,Total,,2019,robbery,2444
Telangana,Total,,2019,robbery,505
Tripura,Total,,2019,robbery,21
Uttar Pradesh,Total,,2019,robbery,2241
Uttarakhand,Total,,2019,robbery,175
West Bengal,Total,,2019,robbery,291
A&N Islands,Total,,2019,robbery,0
Chandigarh,Total,,2019,robbery,33
D&N Haveli,Total,,2019,robbery,3
Daman & Diu,Total,,2019,robbery,6
Delhi,Total,,2019,robbery,1956
Lakshadweep,Total,,2019,robbery,0
Puducherry,Total,,2019,robbery,20
Andhra Pradesh,Total Districts,,2020,robbery,237
Arunachal Pradesh,Total Districts,,2020,robbery,48
Assam,Total Districts,,2020,robbery,1577
Bihar,Total Districts,,2020,robbery,1902
Chhattisgarh,Total Districts,,2020,robbery,458
Goa,Total Districts,,2020,robbery,13
Gujarat,Total Districts,,2020,robbery,498
Haryana,Total Districts,,2020,robbery,657
Himachal Pradesh,Total Districts,,2020,robbery,8
Jharkhand,Total Districts,,2020,robbery,652
Karnataka,Total Districts,,2020,robbery,1354
Kerala,Total Districts,,2020,robbery,610
Madhya Pradesh,Total Districts,,2020,robbery,994
Maharashtra,Total Districts,,2020,robbery,5054
Manipur,Total Districts,,2020,robbery,3
Meghalaya,Total Districts,,2020,robbery,54
Mizoram,Total Districts,,2020,robbery,8
Nagaland,Total Districts,,2020,robbery,23
Odisha,Total Districts,,2020,robbery,2162
Punjab,Total Districts,,2020,robbery,102
Rajasthan,Total Districts,,2020,robbery,1155
Sikkim,Total Districts,,2020,robbery,4
Tamil Nadu,Total Districts,,2020,robbery,2023
Telangana,Total Districts,,2020,robbery,349
Tripura,Total Districts,,2020,robbery,4
Uttar Pradesh,Total Districts,,2020,robbery,1633
Uttarakhand,Total Districts,,2020,robbery,128
West Bengal,Total Districts,,2020,robbery,318
A&N Islands,Total Districts,,2020,robbery,0
Chandigarh,Total Districts,,2020,robbery,23
D&N Haveli and Daman & Diu,Total Districts,,2020,robbery,7
Delhi,Total Districts,,2020,robbery,1963
Jammu and Kashmir,Total Districts,,2020,robbery,70
Ladakh,Total Districts,,2020,robbery,0
Lakshadweep,Total Districts,,2020,robbery,0
Puducherry,Total Districts,,2020,robbery,16
Andhra Pradesh,Total,,2017,dacoity,58
Arunachal Pradesh,Total,,2017,dacoity,6
Assam,Total,,2017,dacoity,157
Bihar,Total,,2017,dacoity,326
Chhattisgarh,Total,,2017,dacoity,70
Goa,Total,,2017,dacoity,2
Gujarat,Total,,2017,dacoity,306
Haryana,Total,,2017,dacoity,196
Himachal Pradesh,Total,,2017,dacoity,3
Jammu and Kashmir,Total,,2017,dacoity,2
Jharkhand,Total,,2017,dacoity,179
Karnataka,Total,,2017,dacoity,304
Kerala,Total,,2017,dacoity,63
Madhya Pradesh,Total,,2017,dacoity,98
Maharashtra,Total,,2017,dacoity,652
Manipur,Total,,2017,dacoity,1
Meghalaya,Total,,2017,dacoity,28
Mizoram,Total,,2017,dacoity,0
Nagaland,Total,,2017,dacoity,4
Odisha,Total,,2017,dacoity,462
Punjab,Total,,2017,dacoity,27
Rajasthan,Total,,2017,dacoity,47
Sikkim,Total,,2017,dacoity,0
Tamil Nadu,Total,,2017,dacoity,97
Telangana,Total,,2017,dacoity,73
Tripura,Total,,2017,dacoity,4
Uttar Pradesh,Total,,2017,dacoity,263
Uttarakhand,Total,,2017,dacoity,16
West Bengal,Total,,2017,dacoity,68
A&N Islands,Total,,2017,dacoity,0
Chandigarh,Total,,2017,dacoity,10
D&N Haveli,Total,,2017,dacoity,4
Daman & Diu,Total,,2017,dacoity,0
Delhi,Total,,2017,dacoity,36
Lakshadweep,Total,,2017,dacoity,0
Puducherry,Total,,2017,dacoity,13
Andhra Pradesh,Total,,2018,dacoity,51
Arunachal Pradesh,Total,,2018,dacoity,5
Assam,Total,,2018,dacoity,156
Bihar,Total,,2018,dacoity,280
Chhattisgarh,Total,,2018,dacoity,84
Goa,Total,,2018,dacoity,3
Gujarat,Total,,2018,dacoity,334
Haryana,Total,,2018,dacoity,194
Himachal Pradesh,Total,,2018,dacoity,1
Jammu and Kashmir,Total,,2018,dacoity,9
Jharkhand,Total,,2018,dacoity,152
Karnataka,Total,,2018,dacoity,246
Kerala,Total,,2018,dacoity,71
Madhya Pradesh,Total,,2018,dacoity,91
Maharashtra,Total,,2018,dacoity,769
Manipur,Total,,2018,dacoity,0
Meghalaya,Total,,2018,dacoity,27
Mizoram,Total,,2018,dacoity,1
Nagaland,Total,,2018,dacoity,3
Odisha,Total,,2018,dacoity,480
Punjab,Total,,2018,dacoity,47
Rajasthan,Total,,2018,dacoity,75
Sikkim,Total,,2018,dacoity,0
Tamil Nadu,Total,,2018,dacoity,100
Telangana,Total,,2018,dacoity,52
Tripura,Total,,2018,dacoity,10
Uttar Pradesh,Total,,2018,dacoity,144
Uttarakhand,Total,,2018,dacoity,10
West Bengal,Total,,2018,dacoity,56
A&N Islands,Total,,2018,dacoity,4
Chandigarh,Total,,2018,dacoity,5
D&N Haveli,Total,,2018,dacoity,3
Daman & Diu,Total,,2018,dacoity,0
Delhi,Total,,2018,dacoity,25
Lakshadweep,Total,,2018,dacoity,0
Puducherry,Total,,2018,dacoity,4
Andhra Pradesh,Total,,2019,dacoity,40
Arunachal Pradesh,Total,,2019,dacoity,15
Assam,Total,,2019,dacoity,198
Bihar,Total,,2019,dacoity,391
Chhattisgarh,Total,,2019,dacoity,50
Goa,Total,,2019,dacoity,3
Gujarat,Total,,2019,dacoity,208
Haryana,Total,,2019,dacoity,153
Himachal Pradesh,Total,,2019,dacoity,1
Jammu and Kashmir,Total,,2019,dacoity,1
Jharkhand,Total,,2019,dacoity,134
Karnataka,Total,,2019,dacoity,226
Kerala,Total,,2019,dacoity,87
Madhya Pradesh,Total,,2019,dacoity,85
Maharashtra,Total,,2019,dacoity,615
Manipur,Total,,2019,dacoity,7
Meghalaya,Total,,2019,dacoity,40
Mizoram,Total,,2019,dacoity,0
Nagaland,Total,,2019,dacoity,1
Odisha,Total,,2019,dacoity,401
Punjab,Total,,2019,dacoity,25
Rajasthan,Total,,2019,dacoity,107
Sikkim,Total,,2019,dacoity,2
Tamil Nadu,Total,,2019,dacoity,113
Telangana,Total,,2019,dacoity,45
Tripura,Total,,2019,dacoity,8
Uttar Pradesh,Total,,2019,dacoity,124
Uttarakhand,Total,,2019,dacoity,18
West Bengal,Total,,2019,dacoity,56
A&N Islands,Total,,2019,dacoity,0
Chandigarh,Total,,2019,dacoity,4
D&N Haveli,Total,,2019,dacoity,0
Daman & Diu,Total,,2019,dacoity,0
Delhi,Total,,2019,dacoity,15
Lakshadweep,Total,,2019,dacoity,0
Puducherry,Total,,2019,dacoity,3
Andhra Pradesh,Total Districts,,2020,dacoity,39
Arunachal Pradesh,Total Districts,,2020,dacoity,7
Assam,Total Districts,,2020,dacoity,198
Bihar,Total Districts,,2020,dacoity,222
Chhattisgarh,Total Districts,,2020,dacoity,85
Goa,Total Districts,,2020,dacoity,2
Gujarat,Total Districts,,2020,dacoity,138
Haryana,Total Districts,,2020,dacoity,151
Himachal Pradesh,Total Districts,,2020,dacoity,2
Jharkhand,Total Districts,,2020,dacoity,119
Karnataka,Total Districts,,2020,dacoity,194
Kerala,Total Districts,,2020,dacoity,69
Madhya Pradesh,Total Districts,,2020,dacoity,65
Maharashtra,Total Districts,,2020,dacoity,473
Manipur,Total Districts,,2020,dacoity,0
Meghalaya,Total Districts,,2020,dacoity,23
Mizoram,Total Districts,,2020,dacoity,1
Nagaland,Total Districts,,2020,dacoity,0
Odisha,Total Districts,,2020,dacoity,307
Punjab,Total Districts,,2020,dacoity,39
Rajasthan,Total Districts,,2020,dacoity,76
Sikkim,Total Districts,,2020,dacoity,0
Tamil Nadu,Total Districts,,2020,dacoity,128
Telangana,Total Districts,,2020,dacoity,32
Tripura,Total Districts,,2020,dacoity,3
Uttar Pradesh,Total Districts,,2020,dacoity,120
Uttarakhand,Total Districts,,2020,dacoity,6
West Bengal,Total Districts,,2020,dacoity,53
A&N Islands,Total Districts,,2020,dacoity,1
Chandigarh,Total Districts,,2020,dacoity,1
D&N Haveli and Daman & Diu,Total Districts,,2020,dacoity,2
Delhi,Total Districts,,2020,dacoity,9
Jammu and Kashmir,Total Districts,,2020,dacoity,5
Ladakh,Total Districts,,2020,dacoity,0
Lakshadweep,Total Districts,,2020,dacoity,0
Puducherry,Total Districts,,2020,dacoity,3
Andhra Pradesh,Total,,2017,offences against property,19414
Arunachal Pradesh,Total,,2017,offences against property,963
Assam,Total,,2017,offences against property,23627
Bihar,Total,,2017,offences against property,37415
Chhattisgarh,Total,,2017,offences against property,10940
Goa,Total,,2017,offences against property,729
Gujarat,Total,,2017,offences against property,22637
Haryana,Total,,2017,offences against property,36753
Himachal Pradesh,Total,,2017,offences against property,1307
Jammu and Kashmir,Total,,2017,offences against property,3344
Jharkhand,Total,,2017,offences against property,12280
Karnataka,Total,,2017,offences against property,31406
Kerala,Total,,2017,offences against property,7475
Madhya Pradesh,Total,,2017,offences against property,44216
Maharashtra,Total,,2017,offences against property,112366
Manipur,Total,,2017,offences against property,983
Meghalaya,Total,,2017,offences against property,1372
Mizoram,Total,,2017,offences against property,1523
Nagaland,Total,,2017,offences against property,665
Odisha,Total,,2017,offences against property,16606
Punjab,Total,,2017,offences against property,11812
Rajasthan,Total,,2017,offences against property,34491
Sikkim,Total,,2017,offences against property,171
Tamil Nadu,Total,,2017,offences against property,23659
Telangana,Total,,2017,offences against property,19178
Tripura,Total,,2017,offences against property,525
Uttar Pradesh,Total,,2017,offences against property,83616
Uttarakhand,Total,,2017,offences against property,3048
West Bengal,Total,,2017,offences against property,22219
A&N Islands,Total,,2017,offences against property,126
Chandigarh,Total,,2017,offences against property,1752
D&N Haveli,Total,,2017,offences against property,77
Daman & Diu,Total,,2017,offences against property,88
Delhi,Total,,2017,offences against property,187664
Lakshadweep,Total,,2017,offences against property,22
Puducherry,Total,,2017,offences against property,794
Andhra Pradesh,Total,,2018,offences against property,15733
Arunachal Pradesh,Total,,2018,offences against property,992
Assam,Total,,2018,offences against property,25636
Bihar,Total,,2018,offences against property,40127
Chhattisgarh,Total,,2018,offences against property,10934
Goa,Total,,2018,offences against property,725
Gujarat,Total,,2018,offences against property,21402
Haryana,Total,,2018,offences against property,39824
Himachal Pradesh,Total,,2018,offences against property,1509
Jammu and Kashmir,Total,,2018,offences against property,3346
Jharkhand,Total,,2018,offences against property,12511
Karnataka,Total,,2018,offences against property,29000
Kerala,Total,,2018,offences against property,7449
Madhya Pradesh,Total,,2018,offences against property,42419
Maharashtra,Total,,2018,offences against property,131597
Manipur,Total,,2018,offences against property,1091
Meghalaya,Total,,2018,offences against property,1092
Mizoram,Total,,2018,offences against property,1215
Nagaland,Total,,2018,offences against property,729
Odisha,Total,,2018,offences against property,16391
Punjab,Total,,2018,offences against property,12033
Rajasthan,Total,,2018,offences against property,36079
Sikkim,Total,,2018,offences against property,128
Tamil Nadu,Total,,2018,offences against property,26303
Telangana,Total,,2018,offences against property,17813
Tripura,Total,,2018,offences against property,675
Uttar Pradesh,Total,,2018,offences against property,78597
Uttarakhand,Total,,2018,offences against property,3038
West Bengal,Total,,2018,offences against property,18444
A&N Islands,Total,,2018,offences against property,143
Chandigarh,Total,,2018,offences against property,1595
D&N Haveli,Total,,2018,offences against property,60
Daman & Diu,Total,,2018,offences against property,90
Delhi,Total,,2018,offences against property,202861
Lakshadweep,Total,,2018,offences against property,8
Puducherry,Total,,2018,offences against property,783
Andhra Pradesh,Total,,2019,offences against property,16960
Arunachal Pradesh,Total,,2019,offences against property,855
Assam,Total,,2019,offences against property,27651
Bihar,Total,,2019,offences against property,45268
Chhattisgarh,Total,,2019,offences against property,11625
Goa,Total,,2019,offences against property,691
Gujarat,Total,,2019,offences against property,20067
Haryana,Total,,2019,offences against property,36621
Himachal Pradesh,Total,,2019,offences against property,1099
Jammu and Kashmir,Total,,2019,offences against property,3279
Jharkhand,Total,,2019,offences against property,14467
Karnataka,Total,,2019,offences against property,27267
Kerala,Total,,2019,offences against property,6857
Madhya Pradesh,Total,,2019,offences against property,41439
Maharashtra,Total,,2019,offences against property,122846
Manipur,Total,,2019,offences against property,1023
Meghalaya,Total,,2019,offences against property,1268
Mizoram,Total,,2019,offences against property,1751
Nagaland,Total,,2019,offences against property,738
Odisha,Total,,2019,offences against property,19128
Punjab,Total,,2019,offences against property,12663
Rajasthan,Total,,2019,offences against property,50866
Sikkim,Total,,2019,offences against property,102
Tamil Nadu,Total,,2019,offences against property,24275
Telangana,Total,,2019,offences against property,18779
Tripura,Total,,2019,offences against property,813
Uttar Pradesh,Total,,2019,offences against property,71778
Uttarakhand,Total,,2019,offences against property,2520
West Bengal,Total,,2019,offences against property,18444
A&N Islands,Total,,2019,offences against property,76
Chandigarh,Total,,2019,offences against property,1101
D&N Haveli,Total,,2019,offences against property,51
Daman & Diu,Total,,2019,offences against property,110
Delhi,Total,,2019,offences against property,251548
Lakshadweep,Total,,2019,offences against property,19
Puducherry,Total,,2019,offences against property,573
Andhra Pradesh,Total Districts,,2020,offences against property,14384
Arunachal Pradesh,Total Districts,,2020,offences against property,705
Assam,Total Districts,,2020,offences against property,24584
Bihar,Total Districts,,2020,offences against property,40220
Chhattisgarh,Total Districts,,2020,offences against property,10484
Goa,Total Districts,,2020,offences against property,559
Gujarat,Total Districts,,2020,offences against property,13667
Haryana,Total Districts,,2020,offences against property,30514
Himachal Pradesh,Total Districts,,2020,offences against property,741
Jharkhand,Total Districts,,2020,offences against property,13368
Karnataka,Total Districts,,2020,offences against property,20517
Kerala,Total Districts,,2020,offences against property,4937
Madhya Pradesh,Total Districts,,2020,offences against property,34013
Maharashtra,Total Districts,,2020,offences against property,75908
Manipur,Total Districts,,2020,offences against property,804
Meghalaya,Total Districts,,2020,offences against property,1107
Mizoram,Total Districts,,2020,offences against property,1143
Nagaland,Total Districts,,2020,offences against property,628
Odisha,Total Districts,,2020,offences against property,18949
Punjab,Total Districts,,2020,offences against property,10913
Rajasthan,Total Districts,,2020,offences against property,36950
Sikkim,Total Districts,,2020,offences against property,76
Tamil Nadu,Total Districts,,2020,offences against property,20173
Telangana,Total Districts,,2020,offences against property,14765
Tripura,Total Districts,,2020,offences against property,564
Uttar Pradesh,Total Districts,,2020,offences against property,50293
Uttarakhand,Total Districts,,2020,offences against property,2137
West Bengal,Total Districts,,2020,offences against property,13811
A&N Islands,Total Districts,,2020,offences against property,57
Chandigarh,Total Districts,,2020,offences against property,744
D&N Haveli and Daman & Diu,Total Districts,,2020,offences against property,83
Delhi,Total Districts,,2020,offences against property,182028
Jammu and Kashmir,Total Districts,,2020,offences against property,3325
Ladakh,Total Districts,,2020,offences against property,12
Lakshadweep,Total Districts,,2020,offences against property,12
Puducherry,Total Districts,,2020,offences against property,408
Andhra Pradesh,Total,,2017,counterfeiting,57
Arunachal Pradesh,Total,,2017,counterfeiting,2
Assam,Total,,2017,counterfeiting,134
Bihar,Total,,2017,counterfeiting,16
Chhattisgarh,Total,,2017,counterfeiting,35
Goa,Total,,2017,counterfeiting,2
Gujarat,Total,,2017,counterfeiting,73
Haryana,Total,,2017,counterfeiting,21
Himachal Pradesh,Total,,2017,counterfeiting,7
Jammu and Kashmir,Total,,2017,counterfeiting,11
Jharkhand,Total,,2017,counterfeiting,1
Karnataka,Total,,2017,counterfeiting,40
Kerala,Total,,2017,counterfeiting,25
Madhya Pradesh,Total,,2017,counterfeiting,34
Maharashtra,Total,,2017,counterfeiting,81
Manipur,Total,,2017,counterfeiting,1
Meghalaya,Total,,2017,counterfeiting,2
Mizoram,Total,,2017,counterfeiting,12
Nagaland,Total,,2017,counterfeiting,3
Odisha,Total,,2017,counterfeiting,14
Punjab,Total,,2017,counterfeiting,33
Rajasthan,Total,,2017,counterfeiting,50
Sikkim,Total,,2017,counterfeiting,1
Tamil Nadu,Total,,2017,counterfeiting,53
Telangana,Total,,2017,counterfeiting,39
Tripura,Total,,2017,counterfeiting,0
Uttar Pradesh,Total,,2017,counterfeiting,180
Uttarakhand,Total,,2017,counterfeiting,38
West Bengal,Total,,2017,counterfeiting,141
A&N Islands,Total,,2017,counterfeiting,0
Chandigarh,Total,,2017,counterfeiting,0
D&N Haveli,Total,,2017,counterfeiting,0
Daman & Diu,Total,,2017,counterfeiting,0
Delhi,Total,,2017,counterfeiting,65
Lakshadweep,Total,,2017,counterfeiting,0
Puducherry,Total,,2017,counterfeiting,0
Andhra Pradesh,Total,,2018,counterfeiting,46
Arunachal Pradesh,Total,,2018,counterfeiting,2
Assam,Total,,2018,counterfeiting,99
Bihar,Total,,2018,counterfeiting,33
Chhattisgarh,Total,,2018,counterfeiting,32
Goa,Total,,2018,counterfeiting,0
Gujarat,Total,,2018,counterfeiting,70
Haryana,Total,,2018,counterfeiting,8
Himachal Pradesh,Total,,2018,counterfeiting,3
Jammu and Kashmir,Total,,2018,counterfeiting,9
Jharkhand,Total,,2018,counterfeiting,9
Karnataka,Total,,2018,counterfeiting,32
Kerala,Total,,2018,counterfeiting,43
Madhya Pradesh,Total,,2018,counterfeiting,23
Maharashtra,Total,,2018,counterfeiting,68
Manipur,Total,,2018,counterfeiting,2
Meghalaya,Total,,2018,counterfeiting,0
Mizoram,Total,,2018,counterfeiting,4
Nagaland,Total,,2018,counterfeiting,4
Odisha,Total,,2018,counterfeiting,22
Punjab,Total,,2018,counterfeiting,27
Rajasthan,Total,,2018,counterfeiting,67
Sikkim,Total,,2018,counterfeiting,0
Tamil Nadu,Total,,2018,counterfeiting,75
Telangana,Total,,2018,counterfeiting,24
Tripura,Total,,2018,counterfeiting,2
Uttar Pradesh,Total,,2018,counterfeiting,237
Uttarakhand,Total,,2018,counterfeiting,75
West Bengal,Total,,2018,counterfeiting,208
A&N Islands,Total,,2018,counterfeiting,0
Chandigarh,Total,,2018,counterfeiting,1
D&N Haveli,Total,,2018,counterfeiting,0
Daman & Diu,Total,,2018,counterfeiting,0
Delhi,Total,,2018,counterfeiting,41
Lakshadweep,Total,,2018,counterfeiting,0
Puducherry,Total,,2018,counterfeiting,0
Andhra Pradesh,Total,,2019,counterfeiting,54
Arunachal Pradesh,Total,,2019,counterfeiting,0
Assam,Total,,2019,counterfeiting,82
Bihar,Total,,2019,counterfeiting,28
Chhattisgarh,Total,,2019,counterfeiting,13
Goa,Total,,2019,counterfeiting,3
Gujarat,Total,,2019,counterfeiting,84
Haryana,Total,,2019,counterfeiting,23
Himachal Pradesh,Total,,2019,counterfeiting,4
Jammu and Kashmir,Total,,2019,counterfeiting,5
Jharkhand,Total,,2019,counterfeiting,3
Karnataka,Total,,2019,counterfeiting,31
Kerala,Total,,2019,counterfeiting,33
Madhya Pradesh,Total,,2019,counterfeiting,22
Maharashtra,Total,,2019,counterfeiting,76
Manipur,Total,,2019,counterfeiting,0
Meghalaya,Total,,2019,counterfeiting,2
Mizoram,Total,,2019,counterfeiting,5
Nagaland,Total,,2019,counterfeiting,0
Odisha,Total,,2019,counterfeiting,14
Punjab,Total,,2019,counterfeiting,25
Rajasthan,Total,,2019,counterfeiting,93
Sikkim,Total,,2019,counterfeiting,1
Tamil Nadu,Total,,2019,counterfeiting,69
Telangana,Total,,2019,counterfeiting,24
Tripura,Total,,2019,counterfeiting,3
Uttar Pradesh,Total,,2019,counterfeiting,82
Uttarakhand,Total,,2019,counterfeiting,10
West Bengal,Total,,2019,counterfeiting,208
A&N Islands,Total,,2019,counterfeiting,0
Chandigarh,Total,,2019,counterfeiting,0
D&N Haveli,Total,,2019,counterfeiting,1
Daman & Diu,Total,,2019,counterfeiting,0
Delhi,Total,,2019,counterfeiting,41
Lakshadweep,Total,,2019,counterfeiting,0
Puducherry,Total,,2019,counterfeiting,1
Andhra Pradesh,Total Districts,,2020,counterfeiting,27
Arunachal Pradesh,Total Districts,,2020,counterfeiting,0
Assam,Total Districts,,2020,counterfeiting,63
Bihar,Total Districts,,2020,counterfeiting,13
Chhattisgarh,Total Districts,,2020,counterfeiting,8
Goa,Total Districts,,2020,counterfeiting,1
Gujarat,Total Districts,,2020,counterfeiting,27
Haryana,Total Districts,,2020,counterfeiting,18
Himachal Pradesh,Total Districts,,2020,counterfeiting,0
Jharkhand,Total Districts,,2020,counterfeiting,4
Karnataka,Total Districts,,2020,counterfeiting,22
Kerala,Total Districts,,2020,counterfeiting,23
Madhya Pradesh,Total Districts,,2020,counterfeiting,49
Maharashtra,Total Districts,,2020,counterfeiting,54
Manipur,Total Districts,,2020,counterfeiting,0
Meghalaya,Total Districts,,2020,counterfeiting,4
Mizoram,Total Districts,,2020,counterfeiting,0
Nagaland,Total Districts,,2020,counterfeiting,2
Odisha,Total Districts,,2020,counterfeiting,18
Punjab,Total Districts,,2020,counterfeiting,25
Rajasthan,Total Districts,,2020,counterfeiting,49
Sikkim,Total Districts,,2020,counterfeiting,0
Tamil Nadu,Total Districts,,2020,counterfeiting,38
Telangana,Total Districts,,2020,counterfeiting,10
Tripura,Total Districts,,2020,counterfeiting,2
Uttar Pradesh,Total Districts,,2020,counterfeiting,55
Uttarakhand,Total Districts,,2020,counterfeiting,6
West Bengal,Total Districts,,2020,counterfeiting,109
A&N Islands,Total Districts,,2020,counterfeiting,1
Chandigarh,Total Districts,,2020,counterfeiting,1
D&N Haveli and Daman & Diu,Total Districts,,2020,counterfeiting,0
Delhi,Total Districts,,2020,counterfeiting,32
Jammu and Kashmir,Total Districts,,2020,counterfeiting,9
Ladakh,Total Districts,,2020,counterfeiting,0
Lakshadweep,Total Districts,,2020,counterfeiting,0
Puducherry,Total Districts,,2020,counterfeiting,2
Andhra Pradesh,Total,,2017,"forgery, cheating & fraud",5462
Arunachal Pradesh,Total,,2017,"forgery, cheating & fraud",98
Assam,Total,,2017,"forgery, cheating & fraud",5065
Bihar,Total,,2017,"forgery, cheating & fraud",6874
Chhattisgarh,Total,,2017,"forgery, cheating & fraud",1520
Goa,Total,,2017,"forgery, cheating & fraud",156
Gujarat,Total,,2017,"forgery, cheating & fraud",2420
Haryana,Total,,2017,"forgery, cheating & fraud",4439
Himachal Pradesh,Total,,2017,"forgery, cheating & fraud",433
Jammu and Kashmir,Total,,2017,"forgery, cheating & fraud",605
Jharkhand,Total,,2017,"forgery, cheating & fraud",3177
Karnataka,Total,,2017,"forgery, cheating & fraud",7032
Kerala,Total,,2017,"forgery, cheating & fraud",4433
Madhya Pradesh,Total,,2017,"forgery, cheating & fraud",2702
Maharashtra,Total,,2017,"forgery, cheating & fraud",11881
Manipur,Total,,2017,"forgery, cheating & fraud",227
Meghalaya,Total,,2017,"forgery, cheating & fraud",238
Mizoram,Total,,2017,"forgery, cheating & fraud",62
Nagaland,Total,,2017,"forgery, cheating & fraud",44
Odisha,Total,,2017,"forgery, cheating & fraud",2960
Punjab,Total,,2017,"forgery, cheating & fraud",3486
Rajasthan,Total,,2017,"forgery, cheating & fraud",21152
Sikkim,Total,,2017,"forgery, cheating & fraud",48
Tamil Nadu,Total,,2017,"forgery, cheating & fraud",3298
Telangana,Total,,2017,"forgery, cheating & fraud",10147
Tripura,Total,,2017,"forgery, cheating & fraud",125
Uttar Pradesh,Total,,2017,"forgery, cheating & fraud",15122
Uttarakhand,Total,,2017,"forgery, cheating & fraud",888
West Bengal,Total,,2017,"forgery, cheating & fraud",8292
A&N Islands,Total,,2017,"forgery, cheating & fraud",40
Chandigarh,Total,,2017,"forgery, cheating & fraud",105
D&N Haveli,Total,,2017,"forgery, cheating & fraud",14
Daman & Diu,Total,,2017,"forgery, cheating & fraud",71
Delhi,Total,,2017,"forgery, cheating & fraud",4736
Lakshadweep,Total,,2017,"forgery, cheating & fraud",0
Puducherry,Total,,2017,"forgery, cheating & fraud",78
Andhra Pradesh,Total,,2018,"forgery, cheating & fraud",5775
Arunachal Pradesh,Total,,2018,"forgery, cheating & fraud",90
Assam,Total,,2018,"forgery, cheating & fraud",6432
Bihar,Total,,2018,"forgery, cheating & fraud",8373
Chhattisgarh,Total,,2018,"forgery, cheating & fraud",1681
Goa,Total,,2018,"forgery, cheating & fraud",163
Gujarat,Total,,2018,"forgery, cheating & fraud",3159
Haryana,Total,,2018,"forgery, cheating & fraud",4122
Himachal Pradesh,Total,,2018,"forgery, cheating & fraud",477
Jammu and Kashmir,Total,,2018,"forgery, cheating & fraud",626
Jharkhand,Total,,2018,"forgery, cheating & fraud",3824
Karnataka,Total,,2018,"forgery, cheating & fraud",6691
Kerala,Total,,2018,"forgery, cheating & fraud",5190
Madhya Pradesh,Total,,2018,"forgery, cheating & fraud",2443
Maharashtra,Total,,2018,"forgery, cheating & fraud",12506
Manipur,Total,,2018,"forgery, cheating & fraud",118
Meghalaya,Total,,2018,"forgery, cheating & fraud",230
Mizoram,Total,,2018,"forgery, cheating & fraud",48
Nagaland,Total,,2018,"forgery, cheating & fraud",81
Odisha,Total,,2018,"forgery, cheating & fraud",2835
Punjab,Total,,2018,"forgery, cheating & fraud",4483
Rajasthan,Total,,2018,"forgery, cheating & fraud",20855
Sikkim,Total,,2018,"forgery, cheating & fraud",37
Tamil Nadu,Total,,2018,"forgery, cheating & fraud",3652
Telangana,Total,,2018,"forgery, cheating & fraud",9812
Tripura,Total,,2018,"forgery, cheating & fraud",153
Uttar Pradesh,Total,,2018,"forgery, cheating & fraud",16552
Uttarakhand,Total,,2018,"forgery, cheating & fraud",1337
West Bengal,Total,,2018,"forgery, cheating & fraud",7935
A&N Islands,Total,,2018,"forgery, cheating & fraud",32
Chandigarh,Total,,2018,"forgery, cheating & fraud",190
D&N Haveli,Total,,2018,"forgery, cheating & fraud",18
Daman & Diu,Total,,2018,"forgery, cheating & fraud",23
Delhi,Total,,2018,"forgery, cheating & fraud",4539
Lakshadweep,Total,,2018,"forgery, cheating & fraud",0
Puducherry,Total,,2018,"forgery, cheating & fraud",64
Andhra Pradesh,Total,,2019,"forgery, cheating & fraud",7820
Arunachal Pradesh,Total,,2019,"forgery, cheating & fraud",124
Assam,Total,,2019,"forgery, cheating & fraud",7260
Bihar,Total,,2019,"forgery, cheating & fraud",8007
Chhattisgarh,Total,,2019,"forgery, cheating & fraud",1563
Goa,Total,,2019,"forgery, cheating & fraud",131
Gujarat,Total,,2019,"forgery, cheating & fraud",3208
Haryana,Total,,2019,"forgery, cheating & fraud",4908
Himachal Pradesh,Total,,2019,"forgery, cheating & fraud",488
Jammu and Kashmir,Total,,2019,"forgery, cheating & fraud",574
Jharkhand,Total,,2019,"forgery, cheating & fraud",3619
Karnataka,Total,,2019,"forgery, cheating & fraud",6321
Kerala,Total,,2019,"forgery, cheating & fraud",6347
Madhya Pradesh,Total,,2019,"forgery, cheating & fraud",2718
Maharashtra,Total,,2019,"forgery, cheating & fraud",13392
Manipur,Total,,2019,"forgery, cheating & fraud",129
Meghalaya,Total,,2019,"forgery, cheating & fraud",254
Mizoram,Total,,2019,"forgery, cheating & fraud",92
Nagaland,Total,,2019,"forgery, cheating & fraud",95
Odisha,Total,,2019,"forgery, cheating & fraud",3807
Punjab,Total,,2019,"forgery, cheating & fraud",4096
Rajasthan,Total,,2019,"forgery, cheating & fraud",26340
Sikkim,Total,,2019,"forgery, cheating & fraud",34
Tamil Nadu,Total,,2019,"forgery, cheating & fraud",3294
Telangana,Total,,2019,"forgery, cheating & fraud",10772
Tripura,Total,,2019,"forgery, cheating & fraud",305
Uttar Pradesh,Total,,2019,"forgery, cheating & fraud",14296
Uttarakhand,Total,,2019,"forgery, cheating & fraud",1173
West Bengal,Total,,2019,"forgery, cheating & fraud",7935
A&N Islands,Total,,2019,"forgery, cheating & fraud",16
Chandigarh,Total,,2019,"forgery, cheating & fraud",150
D&N Haveli,Total,,2019,"forgery, cheating & fraud",22
Daman & Diu,Total,,2019,"forgery, cheating & fraud",24
Delhi,Total,,2019,"forgery, cheating & fraud",4533
Lakshadweep,Total,,2019,"forgery, cheating & fraud",1
Puducherry,Total,,2019,"forgery, cheating & fraud",61
Andhra Pradesh,Total Districts,,2020,"forgery, cheating & fraud",6588
Arunachal Pradesh,Total Districts,,2020,"forgery, cheating & fraud",121
Assam,Total Districts,,2020,"forgery, cheating & fraud",7537
Bihar,Total Districts,,2020,"forgery, cheating & fraud",7358
Chhattisgarh,Total Districts,,2020,"forgery, cheating & fraud",1448
Goa,Total Districts,,2020,"forgery, cheating & fraud",123
Gujarat,Total Districts,,2020,"forgery, cheating & fraud",2695
Haryana,Total Districts,,2020,"forgery, cheating & fraud",5296
Himachal Pradesh,Total Districts,,2020,"forgery, cheating & fraud",444
Jharkhand,Total Districts,,2020,"forgery, cheating & fraud",2775
Karnataka,Total Districts,,2020,"forgery, cheating & fraud",4699
Kerala,Total Districts,,2020,"forgery, cheating & fraud",8993
Madhya Pradesh,Total Districts,,2020,"forgery, cheating & fraud",2714
Maharashtra,Total Districts,,2020,"forgery, cheating & fraud",10770
Manipur,Total Districts,,2020,"forgery, cheating & fraud",136
Meghalaya,Total Districts,,2020,"forgery, cheating & fraud",294
Mizoram,Total Districts,,2020,"forgery, cheating & fraud",101
Nagaland,Total Districts,,2020,"forgery, cheating & fraud",82
Odisha,Total Districts,,2020,"forgery, cheating & fraud",3524
Punjab,Total Districts,,2020,"forgery, cheating & fraud",3203
Rajasthan,Total Districts,,2020,"forgery, cheating & fraud",18122
Sikkim,Total Districts,,2020,"forgery, cheating & fraud",29
Tamil Nadu,Total Districts,,2020,"forgery, cheating & fraud",2719
Telangana,Total Districts,,2020,"forgery, cheating & fraud",12396
Tripura,Total Districts,,2020,"forgery, cheating & fraud",171
Uttar Pradesh,Total Districts,,2020,"forgery, cheating & fraud",12198
Uttarakhand,Total Districts,,2020,"forgery, cheating & fraud",1065
West Bengal,Total Districts,,2020,"forgery, cheating & fraud",7097
A&N Islands,Total Districts,,2020,"forgery, cheating & fraud",21
Chandigarh,Total Districts,,2020,"forgery, cheating & fraud",147
D&N Haveli and Daman & Diu,Total Districts,,2020,"forgery, cheating & fraud",32
Delhi,Total Districts,,2020,"forgery, cheating & fraud",4221
Jammu and Kashmir,Total Districts,,2020,"forgery, cheating & fraud",554
Ladakh,Total Districts,,2020,"forgery, cheating & fraud",5
Lakshadweep,Total Districts,,2020,"forgery, cheating & fraud",3
Puducherry,Total Districts,,2020,"forgery, cheating & fraud",43
Andhra Pradesh,Total,,2017,offences relating to documents & property marks,5519
Arunachal Pradesh,Total,,2017,offences relating to documents & property marks,100
Assam,Total,,2017,offences relating to documents & property marks,5199
Bihar,Total,,2017,offences relating to documents & property marks,6890
Chhattisgarh,Total,,2017,offences relating to documents & property marks,1555
Goa,Total,,2017,offences relating to documents & property marks,158
Gujarat,Total,,2017,offences relating to documents & property marks,2493
Haryana,Total,,2017,offences relating to documents & property marks,4460
Himachal Pradesh,Total,,2017,offences relating to documents & property marks,440
Jammu and Kashmir,Total,,2017,offences relating to documents & property marks,616
Jharkhand,Total,,2017,offences relating to documents & property marks,3178
Karnataka,Total,,2017,offences relating to documents & property marks,7072
Kerala,Total,,2017,offences relating to documents & property marks,4458
Madhya Pradesh,Total,,2017,offences relating to documents & property marks,2736
Maharashtra,Total,,2017,offences relating to documents & property marks,11962
Manipur,Total,,2017,offences relating to documents & property marks,228
Meghalaya,Total,,2017,offences relating to documents & property marks,240
Mizoram,Total,,2017,offences relating to documents & property marks,74
Nagaland,Total,,2017,offences relating to documents & property marks,47
Odisha,Total,,2017,offences relating to documents & property marks,2974
Punjab,Total,,2017,offences relating to documents & property marks,3519
Rajasthan,Total,,2017,offences relating to documents & property marks,21202
Sikkim,Total,,2017,offences relating to documents & property marks,49
Tamil Nadu,Total,,2017,offences relating to documents & property marks,3351
Telangana,Total,,2017,offences relating to documents & property marks,10186
Tripura,Total,,2017,offences relating to documents & property marks,125
Uttar Pradesh,Total,,2017,offences relating to documents & property marks,15302
Uttarakhand,Total,,2017,offences relating to documents & property marks,926
West Bengal,Total,,2017,offences relating to documents & property marks,8433
A&N Islands,Total,,2017,offences relating to documents & property marks,40
Chandigarh,Total,,2017,offences relating to documents & property marks,105
D&N Haveli,Total,,2017,offences relating to documents & property marks,14
Daman & Diu,Total,,2017,offences relating to documents & property marks,71
Delhi,Total,,2017,offences relating to documents & property marks,4801
Lakshadweep,Total,,2017,offences relating to documents & property marks,0
Puducherry,Total,,2017,offences relating to documents & property marks,78
Andhra Pradesh,Total,,2018,offences relating to documents & property marks,5821
Arunachal Pradesh,Total,,2018,offences relating to documents & property marks,92
Assam,Total,,2018,offences relating to documents & property marks,6531
Bihar,Total,,2018,offences relating to documents & property marks,8406
Chhattisgarh,Total,,2018,offences relating to documents & property marks,1713
Goa,Total,,2018,offences relating to documents & property marks,163
Gujarat,Total,,2018,offences relating to documents & property marks,3229
Haryana,Total,,2018,offences relating to documents & property marks,4130
Himachal Pradesh,Total,,2018,offences relating to documents & property marks,480
Jammu and Kashmir,Total,,2018,offences relating to documents & property marks,635
Jharkhand,Total,,2018,offences relating to documents & property marks,3833
Karnataka,Total,,2018,offences relating to documents & property marks,6723
Kerala,Total,,2018,offences relating to documents & property marks,5233
Madhya Pradesh,Total,,2018,offences relating to documents & property marks,2466
Maharashtra,Total,,2018,offences relating to documents & property marks,12574
Manipur,Total,,2018,offences relating to documents & property marks,120
Meghalaya,Total,,2018,offences relating to documents & property marks,230
Mizoram,Total,,2018,offences relating to documents & property marks,52
Nagaland,Total,,2018,offences relating to documents & property marks,85
Odisha,Total,,2018,offences relating to documents & property marks,2857
Punjab,Total,,2018,offences relating to documents & property marks,4510
Rajasthan,Total,,2018,offences relating to documents & property marks,20922
Sikkim,Total,,2018,offences relating to documents & property marks,37
Tamil Nadu,Total,,2018,offences relating to documents & property marks,3727
Telangana,Total,,2018,offences relating to documents & property marks,9836
Tripura,Total,,2018,offences relating to documents & property marks,155
Uttar Pradesh,Total,,2018,offences relating to documents & property marks,16789
Uttarakhand,Total,,2018,offences relating to documents & property marks,1412
West Bengal,Total,,2018,offences relating to documents & property marks,8143
A&N Islands,Total,,2018,offences relating to documents & property marks,32
Chandigarh,Total,,2018,offences relating to documents & property marks,191
D&N Haveli,Total,,2018,offences relating to documents & property marks,18
Daman & Diu,Total,,2018,offences relating to documents & property marks,23
Delhi,Total,,2018,offences relating to documents & property marks,4580
Lakshadweep,Total,,2018,offences relating to documents & property marks,0
Puducherry,Total,,2018,offences relating to documents & property marks,64
Andhra Pradesh,Total,,2019,offences relating to documents & property marks,7874
Arunachal Pradesh,Total,,2019,offences relating to documents & property marks,124
Assam,Total,,2019,offences relating to documents & property marks,7342
Bihar,Total,,2019,offences relating to documents & property marks,8035
Chhattisgarh,Total,,2019,offences relating to documents & property marks,1576
Goa,Total,,2019,offences relating to documents & property marks,134
Gujarat,Total,,2019,offences relating to documents & property marks,3292
Haryana,Total,,2019,offences relating to documents & property marks,4931
Himachal Pradesh,Total,,2019,offences relating to documents & property marks,492
Jammu and Kashmir,Total,,2019,offences relating to documents & property marks,579
Jharkhand,Total,,2019,offences relating to documents & property marks,3622
Karnataka,Total,,2019,offences relating to documents & property marks,6352
Kerala,Total,,2019,offences relating to documents & property marks,6380
Madhya Pradesh,Total,,2019,offences relating to documents & property marks,2740
Maharashtra,Total,,2019,offences relating to documents & property marks,13468
Manipur,Total,,2019,offences relating to documents & property marks,129
Meghalaya,Total,,2019,offences relating to documents & property marks,256
Mizoram,Total,,2019,offences relating to documents & property marks,97
Nagaland,Total,,2019,offences relating to documents & property marks,95
Odisha,Total,,2019,offences relating to documents & property marks,3821
Punjab,Total,,2019,offences relating to documents & property marks,4121
Rajasthan,Total,,2019,offences relating to documents & property marks,26433
Sikkim,Total,,2019,offences relating to documents & property marks,35
Tamil Nadu,Total,,2019,offences relating to documents & property marks,3363
Telangana,Total,,2019,offences relating to documents & property marks,10796
Tripura,Total,,2019,offences relating to documents & property marks,308
Uttar Pradesh,Total,,2019,offences relating to documents & property marks,14378
Uttarakhand,Total,,2019,offences relating to documents & property marks,1183
West Bengal,Total,,2019,offences relating to documents & property marks,8143
A&N Islands,Total,,2019,offences relating to documents & property marks,16
Chandigarh,Total,,2019,offences relating to documents & property marks,150
D&N Haveli,Total,,2019,offences relating to documents & property marks,23
Daman & Diu,Total,,2019,offences relating to documents & property marks,24
Delhi,Total,,2019,offences relating to documents & property marks,4574
Lakshadweep,Total,,2019,offences relating to documents & property marks,1
Puducherry,Total,,2019,offences relating to documents & property marks,62
Andhra Pradesh,Total Districts,,2020,offences relating to documents & property marks,6615
Arunachal Pradesh,Total Districts,,2020,offences relating to documents & property marks,121
Assam,Total Districts,,2020,offences relating to documents & property marks,7600
Bihar,Total Districts,,2020,offences relating to documents & property marks,7371
Chhattisgarh,Total Districts,,2020,offences relating to documents & property marks,1456
Goa,Total Districts,,2020,offences relating to documents & property marks,124
Gujarat,Total Districts,,2020,offences relating to documents & property marks,2722
Haryana,Total Districts,,2020,offences relating to documents & property marks,5314
Himachal Pradesh,Total Districts,,2020,offences relating to documents & property marks,444
Jharkhand,Total Districts,,2020,offences relating to documents & property marks,2779
Karnataka,Total Districts,,2020,offences relating to documents & property marks,4721
Kerala,Total Districts,,2020,offences relating to documents & property marks,9016
Madhya Pradesh,Total Districts,,2020,offences relating to documents & property marks,2763
Maharashtra,Total Districts,,2020,offences relating to documents & property marks,10824
Manipur,Total Districts,,2020,offences relating to documents & property marks,136
Meghalaya,Total Districts,,2020,offences relating to documents & property marks,298
Mizoram,Total Districts,,2020,offences relating to documents & property marks,101
Nagaland,Total Districts,,2020,offences relating to documents & property marks,84
Odisha,Total Districts,,2020,offences relating to documents & property marks,3542
Punjab,Total Districts,,2020,offences relating to documents & property marks,3228
Rajasthan,Total Districts,,2020,offences relating to documents & property marks,18171
Sikkim,Total Districts,,2020,offences relating to documents & property marks,29
Tamil Nadu,Total Districts,,2020,offences relating to documents & property marks,2757
Telangana,Total Districts,,2020,offences relating to documents & property marks,12406
Tripura,Total Districts,,2020,offences relating to documents & property marks,173
Uttar Pradesh,Total Districts,,2020,offences relating to documents & property marks,12253
Uttarakhand,Total Districts,,2020,offences relating to documents & property marks,1071
West Bengal,Total Districts,,2020,offences relating to documents & property marks,7206
A&N Islands,Total Districts,,2020,offences relating to documents & property marks,22
Chandigarh,Total Districts,,2020,offences relating to documents & property marks,148
D&N Haveli and Daman & Diu,Total Districts,,2020,offences relating to documents & property marks,32
Delhi,Total Districts,,2020,offences relating to documents & property marks,4253
Jammu and Kashmir,Total Districts,,2020,offences relating to documents & property marks,563
Ladakh,Total Districts,,2020,offences relating to documents & property marks,5
Lakshadweep,Total Districts,,2020,offences relating to documents & property marks,3
Puducherry,Total Districts,,2020,offences relating to documents & property marks,45
Andhra Pradesh,Total,,2017,offences relating to elections,20
Arunachal Pradesh,Total,,2017,offences relating to elections,1
Assam,Total,,2017,offences relating to elections,9
Bihar,Total,,2017,offences relating to elections,0
Chhattisgarh,Total,,2017,offences relating to elections,0
Goa,Total,,2017,offences relating to elections,16
Gujarat,Total,,2017,offences relating to elections,6
Haryana,Total,,2017,offences relating to elections,7
Himachal Pradesh,Total,,2017,offences relating to elections,0
Jammu and Kashmir,Total,,2017,offences relating to elections,0
Jharkhand,Total,,2017,offences relating to elections,0
Karnataka,Total,,2017,offences relating to elections,54
Kerala,Total,,2017,offences relating to elections,1
Madhya Pradesh,Total,,2017,offences relating to elections,3
Maharashtra,Total,,2017,offences relating to elections,23
Manipur,Total,,2017,offences relating to elections,14
Meghalaya,Total,,2017,offences relating to elections,0
Mizoram,Total,,2017,offences relating to elections,0
Nagaland,Total,,2017,offences relating to elections,0
Odisha,Total,,2017,offences relating to elections,2
Punjab,Total,,2017,offences relating to elections,26
Rajasthan,Total,,2017,offences relating to elections,0
Sikkim,Total,,2017,offences relating to elections,0
Tamil Nadu,Total,,2017,offences relating to elections,125
Telangana,Total,,2017,offences relating to elections,10
Tripura,Total,,2017,offences relating to elections,0
Uttar Pradesh,Total,,2017,offences relating to elections,606
Uttarakhand,Total,,2017,offences relating to elections,25
West Bengal,Total,,2017,offences relating to elections,4
A&N Islands,Total,,2017,offences relating to elections,0
Chandigarh,Total,,2017,offences relating to elections,0
D&N Haveli,Total,,2017,offences relating to elections,0
Daman & Diu,Total,,2017,offences relating to elections,0
Delhi,Total,,2017,offences relating to elections,0
Lakshadweep,Total,,2017,offences relating to elections,0
Puducherry,Total,,2017,offences relating to elections,0
Andhra Pradesh,Total,,2018,offences relating to elections,0
Arunachal Pradesh,Total,,2018,offences relating to elections,0
Assam,Total,,2018,offences relating to elections,107
Bihar,Total,,2018,offences relating to elections,2
Chhattisgarh,Total,,2018,offences relating to elections,17
Goa,Total,,2018,offences relating to elections,0
Gujarat,Total,,2018,offences relating to elections,1
Haryana,Total,,2018,offences relating to elections,6
Himachal Pradesh,Total,,2018,offences relating to elections,2
Jammu and Kashmir,Total,,2018,offences relating to elections,0
Jharkhand,Total,,2018,offences relating to elections,38
Karnataka,Total,,2018,offences relating to elections,888
Kerala,Total,,2018,offences relating to elections,0
Madhya Pradesh,Total,,2018,offences relating to elections,121
Maharashtra,Total,,2018,offences relating to elections,11
Manipur,Total,,2018,offences relating to elections,0
Meghalaya,Total,,2018,offences relating to elections,2
Mizoram,Total,,2018,offences relating to elections,0
Nagaland,Total,,2018,offences relating to elections,4
Odisha,Total,,2018,offences relating to elections,0
Punjab,Total,,2018,offences relating to elections,4
Rajasthan,Total,,2018,offences relating to elections,4
Sikkim,Total,,2018,offences relating to elections,0
Tamil Nadu,Total,,2018,offences relating to elections,6
Telangana,Total,,2018,offences relating to elections,628
Tripura,Total,,2018,offences relating to elections,8
Uttar Pradesh,Total,,2018,offences relating to elections,14
Uttarakhand,Total,,2018,offences relating to elections,1
West Bengal,Total,,2018,offences relating to elections,18
A&N Islands,Total,,2018,offences relating to elections,0
Chandigarh,Total,,2018,offences relating to elections,0
D&N Haveli,Total,,2018,offences relating to elections,0
Daman & Diu,Total,,2018,offences relating to elections,0
Delhi,Total,,2018,offences relating to elections,0
Lakshadweep,Total,,2018,offences relating to elections,0
Puducherry,Total,,2018,offences relating to elections,0
Andhra Pradesh,Total,,2019,offences relating to elections,3373
Arunachal Pradesh,Total,,2019,offences relating to elections,4
Assam,Total,,2019,offences relating to elections,54
Bihar,Total,,2019,offences relating to elections,440
Chhattisgarh,Total,,2019,offences relating to elections,4
Goa,Total,,2019,offences relating to elections,1
Gujarat,Total,,2019,offences relating to elections,2
Haryana,Total,,2019,offences relating to elections,12
Himachal Pradesh,Total,,2019,offences relating to elections,3
Jammu and Kashmir,Total,,2019,offences relating to elections,3
Jharkhand,Total,,2019,offences relating to elections,58
Karnataka,Total,,2019,offences relating to elections,358
Kerala,Total,,2019,offences relating to elections,25
Madhya Pradesh,Total,,2019,offences relating to elections,23
Maharashtra,Total,,2019,offences relating to elections,34
Manipur,Total,,2019,offences relating to elections,0
Meghalaya,Total,,2019,offences relating to elections,1
Mizoram,Total,,2019,offences relating to elections,1
Nagaland,Total,,2019,offences relating to elections,0
Odisha,Total,,2019,offences relating to elections,1
Punjab,Total,,2019,offences relating to elections,5
Rajasthan,Total,,2019,offences relating to elections,0
Sikkim,Total,,2019,offences relating to elections,0
Tamil Nadu,Total,,2019,offences relating to elections,534
Telangana,Total,,2019,offences relating to elections,412
Tripura,Total,,2019,offences relating to elections,31
Uttar Pradesh,Total,,2019,offences relating to elections,139
Uttarakhand,Total,,2019,offences relating to elections,4
West Bengal,Total,,2019,offences relating to elections,18
A&N Islands,Total,,2019,offences relating to elections,0
Chandigarh,Total,,2019,offences relating to elections,0
D&N Haveli,Total,,2019,offences relating to elections,0
Daman & Diu,Total,,2019,offences relating to elections,0
Delhi,Total,,2019,offences relating to elections,4
Lakshadweep,Total,,2019,offences relating to elections,1
Puducherry,Total,,2019,offences relating to elections,0
Andhra Pradesh,Total Districts,,2020,offences relating to elections,107
Arunachal Pradesh,Total Districts,,2020,offences relating to elections,0
Assam,Total Districts,,2020,offences relating to elections,147
Bihar,Total Districts,,2020,offences relating to elections,159
Chhattisgarh,Total Districts,,2020,offences relating to elections,1
Goa,Total Districts,,2020,offences relating to elections,0
Gujarat,Total Districts,,2020,offences relating to elections,0
Haryana,Total Districts,,2020,offences relating to elections,5
Himachal Pradesh,Total Districts,,2020,offences relating to elections,3
Jharkhand,Total Districts,,2020,offences relating to elections,18
Karnataka,Total Districts,,2020,offences relating to elections,96
Kerala,Total Districts,,2020,offences relating to elections,14
Madhya Pradesh,Total Districts,,2020,offences relating to elections,3
Maharashtra,Total Districts,,2020,offences relating to elections,7
Manipur,Total Districts,,2020,offences relating to elections,2
Meghalaya,Total Districts,,2020,offences relating to elections,0
Mizoram,Total Districts,,2020,offences relating to elections,0
Nagaland,Total Districts,,2020,offences relating to elections,0
Odisha,Total Districts,,2020,offences relating to elections,4
Punjab,Total Districts,,2020,offences relating to elections,0
Rajasthan,Total Districts,,2020,offences relating to elections,0
Sikkim,Total Districts,,2020,offences relating to elections,0
Tamil Nadu,Total Districts,,2020,offences relating to elections,4
Telangana,Total Districts,,2020,offences relating to elections,65
Tripura,Total Districts,,2020,offences relating to elections,0
Uttar Pradesh,Total Districts,,2020,offences relating to elections,17
Uttarakhand,Total Districts,,2020,offences relating to elections,0
West Bengal,Total Districts,,2020,offences relating to elections,0
A&N Islands,Total Districts,,2020,offences relating to elections,0
Chandigarh,Total Districts,,2020,offences relating to elections,0
D&N Haveli and Daman & Diu,Total Districts,,2020,offences relating to elections,1
Delhi,Total Districts,,2020,offences relating to elections,4
Jammu and Kashmir,Total Districts,,2020,offences relating to elections,1
Ladakh,Total Districts,,2020,offences relating to elections,0
Lakshadweep,Total Districts,,2020,offences relating to elections,0
Puducherry,Total Districts,,2020,offences relating to elections,0
Andhra Pradesh,Total,,2017,rash driving on public way,38416
Arunachal Pradesh,Total,,2017,rash driving on public way,141
Assam,Total,,2017,rash driving on public way,4153
Bihar,Total,,2017,rash driving on public way,4528
Chhattisgarh,Total,,2017,rash driving on public way,9063
Goa,Total,,2017,rash driving on public way,436
Gujarat,Total,,2017,rash driving on public way,21114
Haryana,Total,,2017,rash driving on public way,7425
Himachal Pradesh,Total,,2017,rash driving on public way,2448
Jammu and Kashmir,Total,,2017,rash driving on public way,4983
Jharkhand,Total,,2017,rash driving on public way,1485
Karnataka,Total,,2017,rash driving on public way,32807
Kerala,Total,,2017,rash driving on public way,159242
Madhya Pradesh,Total,,2017,rash driving on public way,42594
Maharashtra,Total,,2017,rash driving on public way,24147
Manipur,Total,,2017,rash driving on public way,481
Meghalaya,Total,,2017,rash driving on public way,146
Mizoram,Total,,2017,rash driving on public way,12
Nagaland,Total,,2017,rash driving on public way,20
Odisha,Total,,2017,rash driving on public way,6430
Punjab,Total,,2017,rash driving on public way,2129
Rajasthan,Total,,2017,rash driving on public way,12234
Sikkim,Total,,2017,rash driving on public way,147
Tamil Nadu,Total,,2017,rash driving on public way,50467
Telangana,Total,,2017,rash driving on public way,17020
Tripura,Total,,2017,rash driving on public way,350
Uttar Pradesh,Total,,2017,rash driving on public way,23003
Uttarakhand,Total,,2017,rash driving on public way,960
West Bengal,Total,,2017,rash driving on public way,8295
A&N Islands,Total,,2017,rash driving on public way,169
Chandigarh,Total,,2017,rash driving on public way,241
D&N Haveli,Total,,2017,rash driving on public way,25
Daman & Diu,Total,,2017,rash driving on public way,43
Delhi,Total,,2017,rash driving on public way,5658
Lakshadweep,Total,,2017,rash driving on public way,2
Puducherry,Total,,2017,rash driving on public way,1445
Andhra Pradesh,Total,,2018,rash driving on public way,36176
Arunachal Pradesh,Total,,2018,rash driving on public way,122
Assam,Total,,2018,rash driving on public way,5665
Bihar,Total,,2018,rash driving on public way,3856
Chhattisgarh,Total,,2018,rash driving on public way,9303
Goa,Total,,2018,rash driving on public way,409
Gujarat,Total,,2018,rash driving on public way,29790
Haryana,Total,,2018,rash driving on public way,7135
Himachal Pradesh,Total,,2018,rash driving on public way,2456
Jammu and Kashmir,Total,,2018,rash driving on public way,5302
Jharkhand,Total,,2018,rash driving on public way,1559
Karnataka,Total,,2018,rash driving on public way,31664
Kerala,Total,,2018,rash driving on public way,114854
Madhya Pradesh,Total,,2018,rash driving on public way,41269
Maharashtra,Total,,2018,rash driving on public way,28939
Manipur,Total,,2018,rash driving on public way,475
Meghalaya,Total,,2018,rash driving on public way,117
Mizoram,Total,,2018,rash driving on public way,13
Nagaland,Total,,2018,rash driving on public way,23
Odisha,Total,,2018,rash driving on public way,6026
Punjab,Total,,2018,rash driving on public way,1941
Rajasthan,Total,,2018,rash driving on public way,11915
Sikkim,Total,,2018,rash driving on public way,126
Tamil Nadu,Total,,2018,rash driving on public way,52510
Telangana,Total,,2018,rash driving on public way,14169
Tripura,Total,,2018,rash driving on public way,354
Uttar Pradesh,Total,,2018,rash driving on public way,22466
Uttarakhand,Total,,2018,rash driving on public way,853
West Bengal,Total,,2018,rash driving on public way,7172
A&N Islands,Total,,2018,rash driving on public way,236
Chandigarh,Total,,2018,rash driving on public way,258
D&N Haveli,Total,,2018,rash driving on public way,28
Daman & Diu,Total,,2018,rash driving on public way,40
Delhi,Total,,2018,rash driving on public way,5275
Lakshadweep,Total,,2018,rash driving on public way,3
Puducherry,Total,,2018,rash driving on public way,1306
Andhra Pradesh,Total,,2019,rash driving on public way,17286
Arunachal Pradesh,Total,,2019,rash driving on public way,134
Assam,Total,,2019,rash driving on public way,5582
Bihar,Total,,2019,rash driving on public way,3513
Chhattisgarh,Total,,2019,rash driving on public way,8735
Goa,Total,,2019,rash driving on public way,329
Gujarat,Total,,2019,rash driving on public way,32828
Haryana,Total,,2019,rash driving on public way,6660
Himachal Pradesh,Total,,2019,rash driving on public way,2225
Jammu and Kashmir,Total,,2019,rash driving on public way,5216
Jharkhand,Total,,2019,rash driving on public way,1493
Karnataka,Total,,2019,rash driving on public way,30527
Kerala,Total,,2019,rash driving on public way,105175
Madhya Pradesh,Total,,2019,rash driving on public way,41241
Maharashtra,Total,,2019,rash driving on public way,34713
Manipur,Total,,2019,rash driving on public way,526
Meghalaya,Total,,2019,rash driving on public way,130
Mizoram,Total,,2019,rash driving on public way,18
Nagaland,Total,,2019,rash driving on public way,19
Odisha,Total,,2019,rash driving on public way,5877
Punjab,Total,,2019,rash driving on public way,1978
Rajasthan,Total,,2019,rash driving on public way,13982
Sikkim,Total,,2019,rash driving on public way,113
Tamil Nadu,Total,,2019,rash driving on public way,47524
Telangana,Total,,2019,rash driving on public way,13273
Tripura,Total,,2019,rash driving on public way,431
Uttar Pradesh,Total,,2019,rash driving on public way,23635
Uttarakhand,Total,,2019,rash driving on public way,392
West Bengal,Total,,2019,rash driving on public way,7172
A&N Islands,Total,,2019,rash driving on public way,210
Chandigarh,Total,,2019,rash driving on public way,227
D&N Haveli,Total,,2019,rash driving on public way,20
Daman & Diu,Total,,2019,rash driving on public way,46
Delhi,Total,,2019,rash driving on public way,4524
Lakshadweep,Total,,2019,rash driving on public way,1
Puducherry,Total,,2019,rash driving on public way,1269
Andhra Pradesh,Total Districts,,2020,rash driving on public way,12642
Arunachal Pradesh,Total Districts,,2020,rash driving on public way,90
Assam,Total Districts,,2020,rash driving on public way,3744
Bihar,Total Districts,,2020,rash driving on public way,2478
Chhattisgarh,Total Districts,,2020,rash driving on public way,6745
Goa,Total Districts,,2020,rash driving on public way,203
Gujarat,Total Districts,,2020,rash driving on public way,28520
Haryana,Total Districts,,2020,rash driving on public way,5430
Himachal Pradesh,Total Districts,,2020,rash driving on public way,1690
Jharkhand,Total Districts,,2020,rash driving on public way,1332
Karnataka,Total Districts,,2020,rash driving on public way,25101
Kerala,Total Districts,,2020,rash driving on public way,69117
Madhya Pradesh,Total Districts,,2020,rash driving on public way,34702
Maharashtra,Total Districts,,2020,rash driving on public way,18363
Manipur,Total Districts,,2020,rash driving on public way,320
Meghalaya,Total Districts,,2020,rash driving on public way,84
Mizoram,Total Districts,,2020,rash driving on public way,22
Nagaland,Total Districts,,2020,rash driving on public way,11
Odisha,Total Districts,,2020,rash driving on public way,5271
Punjab,Total Districts,,2020,rash driving on public way,1422
Rajasthan,Total Districts,,2020,rash driving on public way,10756
Sikkim,Total Districts,,2020,rash driving on public way,96
Tamil Nadu,Total Districts,,2020,rash driving on public way,38173
Telangana,Total Districts,,2020,rash driving on public way,11695
Tripura,Total Districts,,2020,rash driving on public way,287
Uttar Pradesh,Total Districts,,2020,rash driving on public way,19362
Uttarakhand,Total Districts,,2020,rash driving on public way,294
West Bengal,Total Districts,,2020,rash driving on public way,6000
A&N Islands,Total Districts,,2020,rash driving on public way,129
Chandigarh,Total Districts,,2020,rash driving on public way,116
D&N Haveli and Daman & Diu,Total Districts,,2020,rash driving on public way,39
Delhi,Total Districts,,2020,rash driving on public way,3243
Jammu and Kashmir,Total Districts,,2020,rash driving on public way,4377
Ladakh,Total Districts,,2020,rash driving on public way,111
Lakshadweep,Total Districts,,2020,rash driving on public way,1
Puducherry,Total Districts,,2020,rash driving on public way,811
Andhra Pradesh,Total,,2017,obstruction on public way,93
Arunachal Pradesh,Total,,2017,obstruction on public way,0
Assam,Total,,2017,obstruction on public way,2
Bihar,Total,,2017,obstruction on public way,0
Chhattisgarh,Total,,2017,obstruction on public way,484
Goa,Total,,2017,obstruction on public way,1
Gujarat,Total,,2017,obstruction on public way,23961
Haryana,Total,,2017,obstruction on public way,181
Himachal Pradesh,Total,,2017,obstruction on public way,1396
Jammu and Kashmir,Total,,2017,obstruction on public way,0
Jharkhand,Total,,2017,obstruction on public way,0
Karnataka,Total,,2017,obstruction on public way,6092
Kerala,Total,,2017,obstruction on public way,9919
Madhya Pradesh,Total,,2017,obstruction on public way,512
Maharashtra,Total,,2017,obstruction on public way,24814
Manipur,Total,,2017,obstruction on public way,0
Meghalaya,Total,,2017,obstruction on public way,0
Mizoram,Total,,2017,obstruction on public way,0
Nagaland,Total,,2017,obstruction on public way,0
Odisha,Total,,2017,obstruction on public way,2
Punjab,Total,,2017,obstruction on public way,328
Rajasthan,Total,,2017,obstruction on public way,91
Sikkim,Total,,2017,obstruction on public way,0
Tamil Nadu,Total,,2017,obstruction on public way,1318
Telangana,Total,,2017,obstruction on public way,7
Tripura,Total,,2017,obstruction on public way,0
Uttar Pradesh,Total,,2017,obstruction on public way,14
Uttarakhand,Total,,2017,obstruction on public way,0
West Bengal,Total,,2017,obstruction on public way,758
A&N Islands,Total,,2017,obstruction on public way,0
Chandigarh,Total,,2017,obstruction on public way,105
D&N Haveli,Total,,2017,obstruction on public way,0
Daman & Diu,Total,,2017,obstruction on public way,0
Delhi,Total,,2017,obstruction on public way,4330
Lakshadweep,Total,,2017,obstruction on public way,0
Puducherry,Total,,2017,obstruction on public way,26
Andhra Pradesh,Total,,2018,obstruction on public way,48
Arunachal Pradesh,Total,,2018,obstruction on public way,0
Assam,Total,,2018,obstruction on public way,6
Bihar,Total,,2018,obstruction on public way,0
Chhattisgarh,Total,,2018,obstruction on public way,847
Goa,Total,,2018,obstruction on public way,1
Gujarat,Total,,2018,obstruction on public way,40782
Haryana,Total,,2018,obstruction on public way,174
Himachal Pradesh,Total,,2018,obstruction on public way,1638
Jammu and Kashmir,Total,,2018,obstruction on public way,1
Jharkhand,Total,,2018,obstruction on public way,0
Karnataka,Total,,2018,obstruction on public way,453
Kerala,Total,,2018,obstruction on public way,6847
Madhya Pradesh,Total,,2018,obstruction on public way,375
Maharashtra,Total,,2018,obstruction on public way,41337
Manipur,Total,,2018,obstruction on public way,0
Meghalaya,Total,,2018,obstruction on public way,0
Mizoram,Total,,2018,obstruction on public way,0
Nagaland,Total,,2018,obstruction on public way,0
Odisha,Total,,2018,obstruction on public way,0
Punjab,Total,,2018,obstruction on public way,894
Rajasthan,Total,,2018,obstruction on public way,51
Sikkim,Total,,2018,obstruction on public way,0
Tamil Nadu,Total,,2018,obstruction on public way,1029
Telangana,Total,,2018,obstruction on public way,7
Tripura,Total,,2018,obstruction on public way,0
Uttar Pradesh,Total,,2018,obstruction on public way,54
Uttarakhand,Total,,2018,obstruction on public way,0
West Bengal,Total,,2018,obstruction on public way,797
A&N Islands,Total,,2018,obstruction on public way,0
Chandigarh,Total,,2018,obstruction on public way,20
D&N Haveli,Total,,2018,obstruction on public way,0
Daman & Diu,Total,,2018,obstruction on public way,0
Delhi,Total,,2018,obstruction on public way,4029
Lakshadweep,Total,,2018,obstruction on public way,0
Puducherry,Total,,2018,obstruction on public way,0
Andhra Pradesh,Total,,2019,obstruction on public way,9
Arunachal Pradesh,Total,,2019,obstruction on public way,0
Assam,Total,,2019,obstruction on public way,4
Bihar,Total,,2019,obstruction on public way,0
Chhattisgarh,Total,,2019,obstruction on public way,413
Goa,Total,,2019,obstruction on public way,0
Gujarat,Total,,2019,obstruction on public way,35339
Haryana,Total,,2019,obstruction on public way,169
Himachal Pradesh,Total,,2019,obstruction on public way,2147
Jammu and Kashmir,Total,,2019,obstruction on public way,0
Jharkhand,Total,,2019,obstruction on public way,2
Karnataka,Total,,2019,obstruction on public way,805
Kerala,Total,,2019,obstruction on public way,6358
Madhya Pradesh,Total,,2019,obstruction on public way,1058
Maharashtra,Total,,2019,obstruction on public way,40422
Manipur,Total,,2019,obstruction on public way,0
Meghalaya,Total,,2019,obstruction on public way,1
Mizoram,Total,,2019,obstruction on public way,0
Nagaland,Total,,2019,obstruction on public way,0
Odisha,Total,,2019,obstruction on public way,15
Punjab,Total,,2019,obstruction on public way,260
Rajasthan,Total,,2019,obstruction on public way,51
Sikkim,Total,,2019,obstruction on public way,0
Tamil Nadu,Total,,2019,obstruction on public way,1274
Telangana,Total,,2019,obstruction on public way,7
Tripura,Total,,2019,obstruction on public way,0
Uttar Pradesh,Total,,2019,obstruction on public way,5
Uttarakhand,Total,,2019,obstruction on public way,0
West Bengal,Total,,2019,obstruction on public way,797
A&N Islands,Total,,2019,obstruction on public way,1
Chandigarh,Total,,2019,obstruction on public way,104
D&N Haveli,Total,,2019,obstruction on public way,0
Daman & Diu,Total,,2019,obstruction on public way,0
Delhi,Total,,2019,obstruction on public way,4101
Lakshadweep,Total,,2019,obstruction on public way,1
Puducherry,Total,,2019,obstruction on public way,0
Andhra Pradesh,Total Districts,,2020,obstruction on public way,9
Arunachal Pradesh,Total Districts,,2020,obstruction on public way,0
Assam,Total Districts,,2020,obstruction on public way,12
Bihar,Total Districts,,2020,obstruction on public way,0
Chhattisgarh,Total Districts,,2020,obstruction on public way,195
Goa,Total Districts,,2020,obstruction on public way,1
Gujarat,Total Districts,,2020,obstruction on public way,22261
Haryana,Total Districts,,2020,obstruction on public way,276
Himachal Pradesh,Total Districts,,2020,obstruction on public way,1175
Jharkhand,Total Districts,,2020,obstruction on public way,0
Karnataka,Total Districts,,2020,obstruction on public way,1774
Kerala,Total Districts,,2020,obstruction on public way,4006
Madhya Pradesh,Total Districts,,2020,obstruction on public way,238
Maharashtra,Total Districts,,2020,obstruction on public way,13876
Manipur,Total Districts,,2020,obstruction on public way,0
Meghalaya,Total Districts,,2020,obstruction on public way,0
Mizoram,Total Districts,,2020,obstruction on public way,0
Nagaland,Total Districts,,2020,obstruction on public way,0
Odisha,Total Districts,,2020,obstruction on public way,4
Punjab,Total Districts,,2020,obstruction on public way,357
Rajasthan,Total Districts,,2020,obstruction on public way,15
Sikkim,Total Districts,,2020,obstruction on public way,0
Tamil Nadu,Total Districts,,2020,obstruction on public way,3550
Telangana,Total Districts,,2020,obstruction on public way,13
Tripura,Total Districts,,2020,obstruction on public way,0
Uttar Pradesh,Total Districts,,2020,obstruction on public way,11
Uttarakhand,Total Districts,,2020,obstruction on public way,0
West Bengal,Total Districts,,2020,obstruction on public way,353
A&N Islands,Total Districts,,2020,obstruction on public way,0
Chandigarh,Total Districts,,2020,obstruction on public way,39
D&N Haveli and Daman & Diu,Total Districts,,2020,obstruction on public way,0
Delhi,Total Districts,,2020,obstruction on public way,6787
Jammu and Kashmir,Total Districts,,2020,obstruction on public way,0
Ladakh,Total Districts,,2020,obstruction on public way,0
Lakshadweep,Total Districts,,2020,obstruction on public way,0
Puducherry,Total Districts,,2020,obstruction on public way,0
Andhra Pradesh,Total,,2017,arson,426
Arunachal Pradesh,Total,,2017,arson,35
Assam,Total,,2017,arson,571
Bihar,Total,,2017,arson,375
Chhattisgarh,Total,,2017,arson,336
Goa,Total,,2017,arson,34
Gujarat,Total,,2017,arson,200
Haryana,Total,,2017,arson,388
Himachal Pradesh,Total,,2017,arson,99
Jammu and Kashmir,Total,,2017,arson,183
Jharkhand,Total,,2017,arson,92
Karnataka,Total,,2017,arson,409
Kerala,Total,,2017,arson,405
Madhya Pradesh,Total,,2017,arson,833
Maharashtra,Total,,2017,arson,1184
Manipur,Total,,2017,arson,40
Meghalaya,Total,,2017,arson,71
Mizoram,Total,,2017,arson,18
Nagaland,Total,,2017,arson,6
Odisha,Total,,2017,arson,604
Punjab,Total,,2017,arson,86
Rajasthan,Total,,2017,arson,477
Sikkim,Total,,2017,arson,8
Tamil Nadu,Total,,2017,arson,402
Telangana,Total,,2017,arson,430
Tripura,Total,,2017,arson,32
Uttar Pradesh,Total,,2017,arson,604
Uttarakhand,Total,,2017,arson,16
West Bengal,Total,,2017,arson,640
A&N Islands,Total,,2017,arson,4
Chandigarh,Total,,2017,arson,13
D&N Haveli,Total,,2017,arson,2
Daman & Diu,Total,,2017,arson,6
Delhi,Total,,2017,arson,148
Lakshadweep,Total,,2017,arson,5
Puducherry,Total,,2017,arson,4
Andhra Pradesh,Total,,2018,arson,468
Arunachal Pradesh,Total,,2018,arson,26
Assam,Total,,2018,arson,615
Bihar,Total,,2018,arson,399
Chhattisgarh,Total,,2018,arson,348
Goa,Total,,2018,arson,19
Gujarat,Total,,2018,arson,278
Haryana,Total,,2018,arson,275
Himachal Pradesh,Total,,2018,arson,104
Jammu and Kashmir,Total,,2018,arson,192
Jharkhand,Total,,2018,arson,167
Karnataka,Total,,2018,arson,338
Kerala,Total,,2018,arson,341
Madhya Pradesh,Total,,2018,arson,721
Maharashtra,Total,,2018,arson,1312
Manipur,Total,,2018,arson,27
Meghalaya,Total,,2018,arson,59
Mizoram,Total,,2018,arson,14
Nagaland,Total,,2018,arson,5
Odisha,Total,,2018,arson,555
Punjab,Total,,2018,arson,80
Rajasthan,Total,,2018,arson,438
Sikkim,Total,,2018,arson,13
Tamil Nadu,Total,,2018,arson,434
Telangana,Total,,2018,arson,512
Tripura,Total,,2018,arson,119
Uttar Pradesh,Total,,2018,arson,726
Uttarakhand,Total,,2018,arson,10
West Bengal,Total,,2018,arson,511
A&N Islands,Total,,2018,arson,4
Chandigarh,Total,,2018,arson,14
D&N Haveli,Total,,2018,arson,1
Daman & Diu,Total,,2018,arson,1
Delhi,Total,,2018,arson,126
Lakshadweep,Total,,2018,arson,0
Puducherry,Total,,2018,arson,0
Andhra Pradesh,Total,,2019,arson,473
Arunachal Pradesh,Total,,2019,arson,59
Assam,Total,,2019,arson,627
Bihar,Total,,2019,arson,271
Chhattisgarh,Total,,2019,arson,291
Goa,Total,,2019,arson,10
Gujarat,Total,,2019,arson,180
Haryana,Total,,2019,arson,293
Himachal Pradesh,Total,,2019,arson,65
Jammu and Kashmir,Total,,2019,arson,177
Jharkhand,Total,,2019,arson,106
Karnataka,Total,,2019,arson,284
Kerala,Total,,2019,arson,389
Madhya Pradesh,Total,,2019,arson,703
Maharashtra,Total,,2019,arson,1150
Manipur,Total,,2019,arson,28
Meghalaya,Total,,2019,arson,75
Mizoram,Total,,2019,arson,20
Nagaland,Total,,2019,arson,2
Odisha,Total,,2019,arson,552
Punjab,Total,,2019,arson,80
Rajasthan,Total,,2019,arson,439
Sikkim,Total,,2019,arson,14
Tamil Nadu,Total,,2019,arson,395
Telangana,Total,,2019,arson,419
Tripura,Total,,2019,arson,77
Uttar Pradesh,Total,,2019,arson,617
Uttarakhand,Total,,2019,arson,6
West Bengal,Total,,2019,arson,511
A&N Islands,Total,,2019,arson,5
Chandigarh,Total,,2019,arson,4
D&N Haveli,Total,,2019,arson,1
Daman & Diu,Total,,2019,arson,1
Delhi,Total,,2019,arson,89
Lakshadweep,Total,,2019,arson,1
Puducherry,Total,,2019,arson,6
Andhra Pradesh,Total Districts,,2020,arson,405
Arunachal Pradesh,Total Districts,,2020,arson,17
Assam,Total Districts,,2020,arson,633
Bihar,Total Districts,,2020,arson,195
Chhattisgarh,Total Districts,,2020,arson,290
Goa,Total Districts,,2020,arson,18
Gujarat,Total Districts,,2020,arson,214
Haryana,Total Districts,,2020,arson,270
Himachal Pradesh,Total Districts,,2020,arson,68
Jharkhand,Total Districts,,2020,arson,157
Karnataka,Total Districts,,2020,arson,262
Kerala,Total Districts,,2020,arson,317
Madhya Pradesh,Total Districts,,2020,arson,669
Maharashtra,Total Districts,,2020,arson,1123
Manipur,Total Districts,,2020,arson,21
Meghalaya,Total Districts,,2020,arson,39
Mizoram,Total Districts,,2020,arson,22
Nagaland,Total Districts,,2020,arson,1
Odisha,Total Districts,,2020,arson,428
Punjab,Total Districts,,2020,arson,87
Rajasthan,Total Districts,,2020,arson,459
Sikkim,Total Districts,,2020,arson,13
Tamil Nadu,Total Districts,,2020,arson,463
Telangana,Total Districts,,2020,arson,464
Tripura,Total Districts,,2020,arson,49
Uttar Pradesh,Total Districts,,2020,arson,330
Uttarakhand,Total Districts,,2020,arson,9
West Bengal,Total Districts,,2020,arson,397
A&N Islands,Total Districts,,2020,arson,0
Chandigarh,Total Districts,,2020,arson,5
D&N Haveli and Daman & Diu,Total Districts,,2020,arson,6
Delhi,Total Districts,,2020,arson,70
Jammu and Kashmir,Total Districts,,2020,arson,105
Ladakh,Total Districts,,2020,arson,0
Lakshadweep,Total Districts,,2020,arson,0
Puducherry,Total Districts,,2020,arson,9
Andhra Pradesh,Total,,2017,criminal trespass,3278
Arunachal Pradesh,Total,,2017,criminal trespass,40
Assam,Total,,2017,criminal trespass,2178
Bihar,Total,,2017,criminal trespass,0
Chhattisgarh,Total,,2017,criminal trespass,376
Goa,Total,,2017,criminal trespass,89
Gujarat,Total,,2017,criminal trespass,393
Haryana,Total,,2017,criminal trespass,1709
Himachal Pradesh,Total,,2017,criminal trespass,830
Jammu and Kashmir,Total,,2017,criminal trespass,1142
Jharkhand,Total,,2017,criminal trespass,70
Karnataka,Total,,2017,criminal trespass,1670
Kerala,Total,,2017,criminal trespass,2261
Madhya Pradesh,Total,,2017,criminal trespass,2850
Maharashtra,Total,,2017,criminal trespass,2735
Manipur,Total,,2017,criminal trespass,3
Meghalaya,Total,,2017,criminal trespass,21
Mizoram,Total,,2017,criminal trespass,24
Nagaland,Total,,2017,criminal trespass,6
Odisha,Total,,2017,criminal trespass,11
Punjab,Total,,2017,criminal trespass,1112
Rajasthan,Total,,2017,criminal trespass,3811
Sikkim,Total,,2017,criminal trespass,19
Tamil Nadu,Total,,2017,criminal trespass,579
Telangana,Total,,2017,criminal trespass,4558
Tripura,Total,,2017,criminal trespass,78
Uttar Pradesh,Total,,2017,criminal trespass,4225
Uttarakhand,Total,,2017,criminal trespass,92
West Bengal,Total,,2017,criminal trespass,854
A&N Islands,Total,,2017,criminal trespass,6
Chandigarh,Total,,2017,criminal trespass,29
D&N Haveli,Total,,2017,criminal trespass,0
Daman & Diu,Total,,2017,criminal trespass,3
Delhi,Total,,2017,criminal trespass,285
Lakshadweep,Total,,2017,criminal trespass,1
Puducherry,Total,,2017,criminal trespass,5
Andhra Pradesh,Total,,2018,criminal trespass,3146
Arunachal Pradesh,Total,,2018,criminal trespass,47
Assam,Total,,2018,criminal trespass,1765
Bihar,Total,,2018,criminal trespass,331
Chhattisgarh,Total,,2018,criminal trespass,203
Goa,Total,,2018,criminal trespass,73
Gujarat,Total,,2018,criminal trespass,412
Haryana,Total,,2018,criminal trespass,1946
Himachal Pradesh,Total,,2018,criminal trespass,996
Jammu and Kashmir,Total,,2018,criminal trespass,1131
Jharkhand,Total,,2018,criminal trespass,142
Karnataka,Total,,2018,criminal trespass,1590
Kerala,Total,,2018,criminal trespass,2214
Madhya Pradesh,Total,,2018,criminal trespass,2810
Maharashtra,Total,,2018,criminal trespass,3256
Manipur,Total,,2018,criminal trespass,4
Meghalaya,Total,,2018,criminal trespass,17
Mizoram,Total,,2018,criminal trespass,26
Nagaland,Total,,2018,criminal trespass,6
Odisha,Total,,2018,criminal trespass,25
Punjab,Total,,2018,criminal trespass,1162
Rajasthan,Total,,2018,criminal trespass,3670
Sikkim,Total,,2018,criminal trespass,7
Tamil Nadu,Total,,2018,criminal trespass,619
Telangana,Total,,2018,criminal trespass,6425
Tripura,Total,,2018,criminal trespass,88
Uttar Pradesh,Total,,2018,criminal trespass,6479
Uttarakhand,Total,,2018,criminal trespass,40
West Bengal,Total,,2018,criminal trespass,1119
A&N Islands,Total,,2018,criminal trespass,10
Chandigarh,Total,,2018,criminal trespass,19
D&N Haveli,Total,,2018,criminal trespass,1
Daman & Diu,Total,,2018,criminal trespass,0
Delhi,Total,,2018,criminal trespass,318
Lakshadweep,Total,,2018,criminal trespass,4
Puducherry,Total,,2018,criminal trespass,0
Andhra Pradesh,Total,,2019,criminal trespass,3506
Arunachal Pradesh,Total,,2019,criminal trespass,36
Assam,Total,,2019,criminal trespass,1947
Bihar,Total,,2019,criminal trespass,290
Chhattisgarh,Total,,2019,criminal trespass,267
Goa,Total,,2019,criminal trespass,51
Gujarat,Total,,2019,criminal trespass,368
Haryana,Total,,2019,criminal trespass,1924
Himachal Pradesh,Total,,2019,criminal trespass,962
Jammu and Kashmir,Total,,2019,criminal trespass,1079
Jharkhand,Total,,2019,criminal trespass,232
Karnataka,Total,,2019,criminal trespass,1547
Kerala,Total,,2019,criminal trespass,2077
Madhya Pradesh,Total,,2019,criminal trespass,2325
Maharashtra,Total,,2019,criminal trespass,2838
Manipur,Total,,2019,criminal trespass,8
Meghalaya,Total,,2019,criminal trespass,35
Mizoram,Total,,2019,criminal trespass,44
Nagaland,Total,,2019,criminal trespass,4
Odisha,Total,,2019,criminal trespass,22
Punjab,Total,,2019,criminal trespass,1243
Rajasthan,Total,,2019,criminal trespass,4323
Sikkim,Total,,2019,criminal trespass,8
Tamil Nadu,Total,,2019,criminal trespass,608
Telangana,Total,,2019,criminal trespass,5559
Tripura,Total,,2019,criminal trespass,81
Uttar Pradesh,Total,,2019,criminal trespass,6604
Uttarakhand,Total,,2019,criminal trespass,52
West Bengal,Total,,2019,criminal trespass,1119
A&N Islands,Total,,2019,criminal trespass,2
Chandigarh,Total,,2019,criminal trespass,24
D&N Haveli,Total,,2019,criminal trespass,2
Daman & Diu,Total,,2019,criminal trespass,1
Delhi,Total,,2019,criminal trespass,281
Lakshadweep,Total,,2019,criminal trespass,8
Puducherry,Total,,2019,criminal trespass,0
Andhra Pradesh,Total Districts,,2020,criminal trespass,3409
Arunachal Pradesh,Total Districts,,2020,criminal trespass,43
Assam,Total Districts,,2020,criminal trespass,1812
Bihar,Total Districts,,2020,criminal trespass,233
Chhattisgarh,Total Districts,,2020,criminal trespass,245
Goa,Total Districts,,2020,criminal trespass,43
Gujarat,Total Districts,,2020,criminal trespass,466
Haryana,Total Districts,,2020,criminal trespass,2009
Himachal Pradesh,Total Districts,,2020,criminal trespass,1217
Jharkhand,Total Districts,,2020,criminal trespass,95
Karnataka,Total Districts,,2020,criminal trespass,1466
Kerala,Total Districts,,2020,criminal trespass,1698
Madhya Pradesh,Total Districts,,2020,criminal trespass,2865
Maharashtra,Total Districts,,2020,criminal trespass,3140
Manipur,Total Districts,,2020,criminal trespass,16
Meghalaya,Total Districts,,2020,criminal trespass,24
Mizoram,Total Districts,,2020,criminal trespass,30
Nagaland,Total Districts,,2020,criminal trespass,0
Odisha,Total Districts,,2020,criminal trespass,28
Punjab,Total Districts,,2020,criminal trespass,1235
Rajasthan,Total Districts,,2020,criminal trespass,4430
Sikkim,Total Districts,,2020,criminal trespass,7
Tamil Nadu,Total Districts,,2020,criminal trespass,581
Telangana,Total Districts,,2020,criminal trespass,6617
Tripura,Total Districts,,2020,criminal trespass,62
Uttar Pradesh,Total Districts,,2020,criminal trespass,6416
Uttarakhand,Total Districts,,2020,criminal trespass,40
West Bengal,Total Districts,,2020,criminal trespass,670
A&N Islands,Total Districts,,2020,criminal trespass,2
Chandigarh,Total Districts,,2020,criminal trespass,15
D&N Haveli and Daman & Diu,Total Districts,,2020,criminal trespass,4
Delhi,Total Districts,,2020,criminal trespass,182
Jammu and Kashmir,Total Districts,,2020,criminal trespass,1695
Ladakh,Total Districts,,2020,criminal trespass,1
Lakshadweep,Total Districts,,2020,criminal trespass,7
Puducherry,Total Districts,,2020,criminal trespass,15
Andhra Pradesh,Total,,2017,cruelty by husband or his relatives,7156
Arunachal Pradesh,Total,,2017,cruelty by husband or his relatives,56
Assam,Total,,2017,cruelty by husband or his relatives,9782
Bihar,Total,,2017,cruelty by husband or his relatives,3776
Chhattisgarh,Total,,2017,cruelty by husband or his relatives,582
Goa,Total,,2017,cruelty by husband or his relatives,21
Gujarat,Total,,2017,cruelty by husband or his relatives,3223
Haryana,Total,,2017,cruelty by husband or his relatives,3326
Himachal Pradesh,Total,,2017,cruelty by husband or his relatives,191
Jammu and Kashmir,Total,,2017,cruelty by husband or his relatives,377
Jharkhand,Total,,2017,cruelty by husband or his relatives,998
Karnataka,Total,,2017,cruelty by husband or his relatives,2332
Kerala,Total,,2017,cruelty by husband or his relatives,2856
Madhya Pradesh,Total,,2017,cruelty by husband or his relatives,6099
Maharashtra,Total,,2017,cruelty by husband or his relatives,6584
Manipur,Total,,2017,cruelty by husband or his relatives,19
Meghalaya,Total,,2017,cruelty by husband or his relatives,20
Mizoram,Total,,2017,cruelty by husband or his relatives,20
Nagaland,Total,,2017,cruelty by husband or his relatives,3
Odisha,Total,,2017,cruelty by husband or his relatives,2525
Punjab,Total,,2017,cruelty by husband or his relatives,1199
Rajasthan,Total,,2017,cruelty by husband or his relatives,11508
Sikkim,Total,,2017,cruelty by husband or his relatives,5
Tamil Nadu,Total,,2017,cruelty by husband or his relatives,984
Telangana,Total,,2017,cruelty by husband or his relatives,7838
Tripura,Total,,2017,cruelty by husband or his relatives,348
Uttar Pradesh,Total,,2017,cruelty by husband or his relatives,12653
Uttarakhand,Total,,2017,cruelty by husband or his relatives,394
West Bengal,Total,,2017,cruelty by husband or his relatives,16800
A&N Islands,Total,,2017,cruelty by husband or his relatives,4
Chandigarh,Total,,2017,cruelty by husband or his relatives,121
D&N Haveli,Total,,2017,cruelty by husband or his relatives,4
Daman & Diu,Total,,2017,cruelty by husband or his relatives,5
Delhi,Total,,2017,cruelty by husband or his relatives,2735
Lakshadweep,Total,,2017,cruelty by husband or his relatives,2
Puducherry,Total,,2017,cruelty by husband or his relatives,5
Andhra Pradesh,Total,,2018,cruelty by husband or his relatives,6831
Arunachal Pradesh,Total,,2018,cruelty by husband or his relatives,60
Assam,Total,,2018,cruelty by husband or his relatives,11136
Bihar,Total,,2018,cruelty by husband or his relatives,2539
Chhattisgarh,Total,,2018,cruelty by husband or his relatives,503
Goa,Total,,2018,cruelty by husband or his relatives,9
Gujarat,Total,,2018,cruelty by husband or his relatives,2923
Haryana,Total,,2018,cruelty by husband or his relatives,4154
Himachal Pradesh,Total,,2018,cruelty by husband or his relatives,183
Jammu and Kashmir,Total,,2018,cruelty by husband or his relatives,325
Jharkhand,Total,,2018,cruelty by husband or his relatives,1032
Karnataka,Total,,2018,cruelty by husband or his relatives,2053
Kerala,Total,,2018,cruelty by husband or his relatives,2046
Madhya Pradesh,Total,,2018,cruelty by husband or his relatives,4159
Maharashtra,Total,,2018,cruelty by husband or his relatives,6862
Manipur,Total,,2018,cruelty by husband or his relatives,14
Meghalaya,Total,,2018,cruelty by husband or his relatives,18
Mizoram,Total,,2018,cruelty by husband or his relatives,6
Nagaland,Total,,2018,cruelty by husband or his relatives,3
Odisha,Total,,2018,cruelty by husband or his relatives,1984
Punjab,Total,,2018,cruelty by husband or his relatives,1470
Rajasthan,Total,,2018,cruelty by husband or his relatives,12250
Sikkim,Total,,2018,cruelty by husband or his relatives,1
Tamil Nadu,Total,,2018,cruelty by husband or his relatives,789
Telangana,Total,,2018,cruelty by husband or his relatives,6286
Tripura,Total,,2018,cruelty by husband or his relatives,303
Uttar Pradesh,Total,,2018,cruelty by husband or his relatives,14233
Uttarakhand,Total,,2018,cruelty by husband or his relatives,622
West Bengal,Total,,2018,cruelty by husband or his relatives,16951
A&N Islands,Total,,2018,cruelty by husband or his relatives,4
Chandigarh,Total,,2018,cruelty by husband or his relatives,93
D&N Haveli,Total,,2018,cruelty by husband or his relatives,1
Daman & Diu,Total,,2018,cruelty by husband or his relatives,4
Delhi,Total,,2018,cruelty by husband or his relatives,3416
Lakshadweep,Total,,2018,cruelty by husband or his relatives,1
Puducherry,Total,,2018,cruelty by husband or his relatives,8
Andhra Pradesh,Total,,2019,cruelty by husband or his relatives,7851
Arunachal Pradesh,Total,,2019,cruelty by husband or his relatives,54
Assam,Total,,2019,cruelty by husband or his relatives,11943
Bihar,Total,,2019,cruelty by husband or his relatives,2397
Chhattisgarh,Total,,2019,cruelty by husband or his relatives,732
Goa,Total,,2019,cruelty by husband or his relatives,9
Gujarat,Total,,2019,cruelty by husband or his relatives,3619
Haryana,Total,,2019,cruelty by husband or his relatives,4867
Himachal Pradesh,Total,,2019,cruelty by husband or his relatives,228
Jammu and Kashmir,Total,,2019,cruelty by husband or his relatives,347
Jharkhand,Total,,2019,cruelty by husband or his relatives,1426
Karnataka,Total,,2019,cruelty by husband or his relatives,2472
Kerala,Total,,2019,cruelty by husband or his relatives,2970
Madhya Pradesh,Total,,2019,cruelty by husband or his relatives,5486
Maharashtra,Total,,2019,cruelty by husband or his relatives,8430
Manipur,Total,,2019,cruelty by husband or his relatives,15
Meghalaya,Total,,2019,cruelty by husband or his relatives,23
Mizoram,Total,,2019,cruelty by husband or his relatives,5
Nagaland,Total,,2019,cruelty by husband or his relatives,0
Odisha,Total,,2019,cruelty by husband or his relatives,2739
Punjab,Total,,2019,cruelty by husband or his relatives,1595
Rajasthan,Total,,2019,cruelty by husband or his relatives,18432
Sikkim,Total,,2019,cruelty by husband or his relatives,1
Tamil Nadu,Total,,2019,cruelty by husband or his relatives,781
Telangana,Total,,2019,cruelty by husband or his relatives,8541
Tripura,Total,,2019,cruelty by husband or his relatives,451
Uttar Pradesh,Total,,2019,cruelty by husband or his relatives,18304
Uttarakhand,Total,,2019,cruelty by husband or his relatives,644
West Bengal,Total,,2019,cruelty by husband or his relatives,16951
A&N Islands,Total,,2019,cruelty by husband or his relatives,1
Chandigarh,Total,,2019,cruelty by husband or his relatives,177
D&N Haveli,Total,,2019,cruelty by husband or his relatives,3
Daman & Diu,Total,,2019,cruelty by husband or his relatives,4
Delhi,Total,,2019,cruelty by husband or his relatives,3792
Lakshadweep,Total,,2019,cruelty by husband or his relatives,0
Puducherry,Total,,2019,cruelty by husband or his relatives,8
Andhra Pradesh,Total Districts,,2020,cruelty by husband or his relatives,6546
Arunachal Pradesh,Total Districts,,2020,cruelty by husband or his relatives,69
Assam,Total Districts,,2020,cruelty by husband or his relatives,11408
Bihar,Total Districts,,2020,cruelty by husband or his relatives,1935
Chhattisgarh,Total Districts,,2020,cruelty by husband or his relatives,641
Goa,Total Districts,,2020,cruelty by husband or his relatives,8
Gujarat,Total Districts,,2020,cruelty by husband or his relatives,3345
Haryana,Total Districts,,2020,cruelty by husband or his relatives,4119
Himachal Pradesh,Total Districts,,2020,cruelty by husband or his relatives,259
Jharkhand,Total Districts,,2020,cruelty by husband or his relatives,857
Karnataka,Total Districts,,2020,cruelty by husband or his relatives,2055
Kerala,Total Districts,,2020,cruelty by husband or his relatives,2707
Madhya Pradesh,Total Districts,,2020,cruelty by husband or his relatives,5540
Maharashtra,Total Districts,,2020,cruelty by husband or his relatives,6729
Manipur,Total Districts,,2020,cruelty by husband or his relatives,7
Meghalaya,Total Districts,,2020,cruelty by husband or his relatives,17
Mizoram,Total Districts,,2020,cruelty by husband or his relatives,7
Nagaland,Total Districts,,2020,cruelty by husband or his relatives,2
Odisha,Total Districts,,2020,cruelty by husband or his relatives,3659
Punjab,Total Districts,,2020,cruelty by husband or his relatives,1271
Rajasthan,Total Districts,,2020,cruelty by husband or his relatives,13765
Sikkim,Total Districts,,2020,cruelty by husband or his relatives,1
Tamil Nadu,Total Districts,,2020,cruelty by husband or his relatives,689
Telangana,Total Districts,,2020,cruelty by husband or his relatives,7453
Tripura,Total Districts,,2020,cruelty by husband or his relatives,356
Uttar Pradesh,Total Districts,,2020,cruelty by husband or his relatives,14454
Uttarakhand,Total Districts,,2020,cruelty by husband or his relatives,668
West Bengal,Total Districts,,2020,cruelty by husband or his relatives,19962
A&N Islands,Total Districts,,2020,cruelty by husband or his relatives,2
Chandigarh,Total Districts,,2020,cruelty by husband or his relatives,96
D&N Haveli and Daman & Diu,Total Districts,,2020,cruelty by husband or his relatives,4
Delhi,Total Districts,,2020,cruelty by husband or his relatives,2557
Jammu and Kashmir,Total Districts,,2020,cruelty by husband or his relatives,349
Ladakh,Total Districts,,2020,cruelty by husband or his relatives,3
Lakshadweep,Total Districts,,2020,cruelty by husband or his relatives,0
Puducherry,Total Districts,,2020,cruelty by husband or his relatives,9
Andhra Pradesh,Total,,2017,circulate false/fake news/rumours,6
Arunachal Pradesh,Total,,2017,circulate false/fake news/rumours,0
Assam,Total,,2017,circulate false/fake news/rumours,1
Bihar,Total,,2017,circulate false/fake news/rumours,0
Chhattisgarh,Total,,2017,circulate false/fake news/rumours,1
Goa,Total,,2017,circulate false/fake news/rumours,0
Gujarat,Total,,2017,circulate false/fake news/rumours,5
Haryana,Total,,2017,circulate false/fake news/rumours,0
Himachal Pradesh,Total,,2017,circulate false/fake news/rumours,4
Jammu and Kashmir,Total,,2017,circulate false/fake news/rumours,4
Jharkhand,Total,,2017,circulate false/fake news/rumours,0
Karnataka,Total,,2017,circulate false/fake news/rumours,5
Kerala,Total,,2017,circulate false/fake news/rumours,18
Madhya Pradesh,Total,,2017,circulate false/fake news/rumours,138
Maharashtra,Total,,2017,circulate false/fake news/rumours,4
Manipur,Total,,2017,circulate false/fake news/rumours,0
Meghalaya,Total,,2017,circulate false/fake news/rumours,0
Mizoram,Total,,2017,circulate false/fake news/rumours,0
Nagaland,Total,,2017,circulate false/fake news/rumours,0
Odisha,Total,,2017,circulate false/fake news/rumours,1
Punjab,Total,,2017,circulate false/fake news/rumours,5
Rajasthan,Total,,2017,circulate false/fake news/rumours,3
Sikkim,Total,,2017,circulate false/fake news/rumours,1
Tamil Nadu,Total,,2017,circulate false/fake news/rumours,16
Telangana,Total,,2017,circulate false/fake news/rumours,11
Tripura,Total,,2017,circulate false/fake news/rumours,0
Uttar Pradesh,Total,,2017,circulate false/fake news/rumours,32
Uttarakhand,Total,,2017,circulate false/fake news/rumours,0
West Bengal,Total,,2017,circulate false/fake news/rumours,1
A&N Islands,Total,,2017,circulate false/fake news/rumours,0
Chandigarh,Total,,2017,circulate false/fake news/rumours,1
D&N Haveli,Total,,2017,circulate false/fake news/rumours,0
Daman & Diu,Total,,2017,circulate false/fake news/rumours,0
Delhi,Total,,2017,circulate false/fake news/rumours,0
Lakshadweep,Total,,2017,circulate false/fake news/rumours,0
Puducherry,Total,,2017,circulate false/fake news/rumours,0
Andhra Pradesh,Total,,2018,circulate false/fake news/rumours,15
Arunachal Pradesh,Total,,2018,circulate false/fake news/rumours,1
Assam,Total,,2018,circulate false/fake news/rumours,18
Bihar,Total,,2018,circulate false/fake news/rumours,2
Chhattisgarh,Total,,2018,circulate false/fake news/rumours,0
Goa,Total,,2018,circulate false/fake news/rumours,2
Gujarat,Total,,2018,circulate false/fake news/rumours,10
Haryana,Total,,2018,circulate false/fake news/rumours,0
Himachal Pradesh,Total,,2018,circulate false/fake news/rumours,6
Jammu and Kashmir,Total,,2018,circulate false/fake news/rumours,13
Jharkhand,Total,,2018,circulate false/fake news/rumours,7
Karnataka,Total,,2018,circulate false/fake news/rumours,3
Kerala,Total,,2018,circulate false/fake news/rumours,3
Madhya Pradesh,Total,,2018,circulate false/fake news/rumours,51
Maharashtra,Total,,2018,circulate false/fake news/rumours,23
Manipur,Total,,2018,circulate false/fake news/rumours,0
Meghalaya,Total,,2018,circulate false/fake news/rumours,0
Mizoram,Total,,2018,circulate false/fake news/rumours,0
Nagaland,Total,,2018,circulate false/fake news/rumours,2
Odisha,Total,,2018,circulate false/fake news/rumours,0
Punjab,Total,,2018,circulate false/fake news/rumours,1
Rajasthan,Total,,2018,circulate false/fake news/rumours,5
Sikkim,Total,,2018,circulate false/fake news/rumours,2
Tamil Nadu,Total,,2018,circulate false/fake news/rumours,43
Telangana,Total,,2018,circulate false/fake news/rumours,43
Tripura,Total,,2018,circulate false/fake news/rumours,2
Uttar Pradesh,Total,,2018,circulate false/fake news/rumours,16
Uttarakhand,Total,,2018,circulate false/fake news/rumours,0
West Bengal,Total,,2018,circulate false/fake news/rumours,11
A&N Islands,Total,,2018,circulate false/fake news/rumours,0
Chandigarh,Total,,2018,circulate false/fake news/rumours,0
D&N Haveli,Total,,2018,circulate false/fake news/rumours,0
Daman & Diu,Total,,2018,circulate false/fake news/rumours,0
Delhi,Total,,2018,circulate false/fake news/rumours,1
Lakshadweep,Total,,2018,circulate false/fake news/rumours,0
Puducherry,Total,,2018,circulate false/fake news/rumours,0
Andhra Pradesh,Total,,2019,circulate false/fake news/rumours,45
Arunachal Pradesh,Total,,2019,circulate false/fake news/rumours,0
Assam,Total,,2019,circulate false/fake news/rumours,4
Bihar,Total,,2019,circulate false/fake news/rumours,21
Chhattisgarh,Total,,2019,circulate false/fake news/rumours,10
Goa,Total,,2019,circulate false/fake news/rumours,0
Gujarat,Total,,2019,circulate false/fake news/rumours,21
Haryana,Total,,2019,circulate false/fake news/rumours,1
Himachal Pradesh,Total,,2019,circulate false/fake news/rumours,7
Jammu and Kashmir,Total,,2019,circulate false/fake news/rumours,9
Jharkhand,Total,,2019,circulate false/fake news/rumours,0
Karnataka,Total,,2019,circulate false/fake news/rumours,15
Kerala,Total,,2019,circulate false/fake news/rumours,14
Madhya Pradesh,Total,,2019,circulate false/fake news/rumours,59
Maharashtra,Total,,2019,circulate false/fake news/rumours,35
Manipur,Total,,2019,circulate false/fake news/rumours,4
Meghalaya,Total,,2019,circulate false/fake news/rumours,3
Mizoram,Total,,2019,circulate false/fake news/rumours,0
Nagaland,Total,,2019,circulate false/fake news/rumours,1
Odisha,Total,,2019,circulate false/fake news/rumours,0
Punjab,Total,,2019,circulate false/fake news/rumours,0
Rajasthan,Total,,2019,circulate false/fake news/rumours,8
Sikkim,Total,,2019,circulate false/fake news/rumours,0
Tamil Nadu,Total,,2019,circulate false/fake news/rumours,91
Telangana,Total,,2019,circulate false/fake news/rumours,47
Tripura,Total,,2019,circulate false/fake news/rumours,0
Uttar Pradesh,Total,,2019,circulate false/fake news/rumours,61
Uttarakhand,Total,,2019,circulate false/fake news/rumours,3
West Bengal,Total,,2019,circulate false/fake news/rumours,11
A&N Islands,Total,,2019,circulate false/fake news/rumours,0
Chandigarh,Total,,2019,circulate false/fake news/rumours,1
D&N Haveli,Total,,2019,circulate false/fake news/rumours,0
Daman & Diu,Total,,2019,circulate false/fake news/rumours,0
Delhi,Total,,2019,circulate false/fake news/rumours,5
Lakshadweep,Total,,2019,circulate false/fake news/rumours,0
Puducherry,Total,,2019,circulate false/fake news/rumours,0
Andhra Pradesh,Total Districts,,2020,circulate false/fake news/rumours,98
Arunachal Pradesh,Total Districts,,2020,circulate false/fake news/rumours,1
Assam,Total Districts,,2020,circulate false/fake news/rumours,11
Bihar,Total Districts,,2020,circulate false/fake news/rumours,144
Chhattisgarh,Total Districts,,2020,circulate false/fake news/rumours,17
Goa,Total Districts,,2020,circulate false/fake news/rumours,4
Gujarat,Total Districts,,2020,circulate false/fake news/rumours,68
Haryana,Total Districts,,2020,circulate false/fake news/rumours,25
Himachal Pradesh,Total Districts,,2020,circulate false/fake news/rumours,30
Jharkhand,Total Districts,,2020,circulate false/fake news/rumours,6
Karnataka,Total Districts,,2020,circulate false/fake news/rumours,16
Kerala,Total Districts,,2020,circulate false/fake news/rumours,8
Madhya Pradesh,Total Districts,,2020,circulate false/fake news/rumours,98
Maharashtra,Total Districts,,2020,circulate false/fake news/rumours,132
Manipur,Total Districts,,2020,circulate false/fake news/rumours,19
Meghalaya,Total Districts,,2020,circulate false/fake news/rumours,15
Mizoram,Total Districts,,2020,circulate false/fake news/rumours,1
Nagaland,Total Districts,,2020,circulate false/fake news/rumours,1
Odisha,Total Districts,,2020,circulate false/fake news/rumours,3
Punjab,Total Districts,,2020,circulate false/fake news/rumours,8
Rajasthan,Total Districts,,2020,circulate false/fake news/rumours,12
Sikkim,Total Districts,,2020,circulate false/fake news/rumours,3
Tamil Nadu,Total Districts,,2020,circulate false/fake news/rumours,188
Telangana,Total Districts,,2020,circulate false/fake news/rumours,273
Tripura,Total Districts,,2020,circulate false/fake news/rumours,11
Uttar Pradesh,Total Districts,,2020,circulate false/fake news/rumours,166
Uttarakhand,Total Districts,,2020,circulate false/fake news/rumours,3
West Bengal,Total Districts,,2020,circulate false/fake news/rumours,115
A&N Islands,Total Districts,,2020,circulate false/fake news/rumours,0
Chandigarh,Total Districts,,2020,circulate false/fake news/rumours,0
D&N Haveli and Daman & Diu,Total Districts,,2020,circulate false/fake news/rumours,0
Delhi,Total Districts,,2020,circulate false/fake news/rumours,30
Jammu and Kashmir,Total Districts,,2020,circulate false/fake news/rumours,21
Ladakh,Total Districts,,2020,circulate false/fake news/rumours,0
Lakshadweep,Total Districts,,2020,circulate false/fake news/rumours,0
Puducherry,Total Districts,,2020,circulate false/fake news/rumours,0
Andhra Pradesh,Total,,2017,criminal intimidation,1398
Arunachal Pradesh,Total,,2017,criminal intimidation,2
Assam,Total,,2017,criminal intimidation,377
Bihar,Total,,2017,criminal intimidation,2
Chhattisgarh,Total,,2017,criminal intimidation,2597
Goa,Total,,2017,criminal intimidation,106
Gujarat,Total,,2017,criminal intimidation,14981
Haryana,Total,,2017,criminal intimidation,2417
Himachal Pradesh,Total,,2017,criminal intimidation,108
Jammu and Kashmir,Total,,2017,criminal intimidation,54
Jharkhand,Total,,2017,criminal intimidation,103
Karnataka,Total,,2017,criminal intimidation,2782
Kerala,Total,,2017,criminal intimidation,793
Madhya Pradesh,Total,,2017,criminal intimidation,11540
Maharashtra,Total,,2017,criminal intimidation,226
Manipur,Total,,2017,criminal intimidation,22
Meghalaya,Total,,2017,criminal intimidation,149
Mizoram,Total,,2017,criminal intimidation,63
Nagaland,Total,,2017,criminal intimidation,13
Odisha,Total,,2017,criminal intimidation,9706
Punjab,Total,,2017,criminal intimidation,16
Rajasthan,Total,,2017,criminal intimidation,39
Sikkim,Total,,2017,criminal intimidation,0
Tamil Nadu,Total,,2017,criminal intimidation,4641
Telangana,Total,,2017,criminal intimidation,1359
Tripura,Total,,2017,criminal intimidation,61
Uttar Pradesh,Total,,2017,criminal intimidation,18625
Uttarakhand,Total,,2017,criminal intimidation,70
West Bengal,Total,,2017,criminal intimidation,1313
A&N Islands,Total,,2017,criminal intimidation,1
Chandigarh,Total,,2017,criminal intimidation,1
D&N Haveli,Total,,2017,criminal intimidation,0
Daman & Diu,Total,,2017,criminal intimidation,0
Delhi,Total,,2017,criminal intimidation,73
Lakshadweep,Total,,2017,criminal intimidation,0
Puducherry,Total,,2017,criminal intimidation,31
Andhra Pradesh,Total,,2018,criminal intimidation,1527
Arunachal Pradesh,Total,,2018,criminal intimidation,9
Assam,Total,,2018,criminal intimidation,609
Bihar,Total,,2018,criminal intimidation,4
Chhattisgarh,Total,,2018,criminal intimidation,1737
Goa,Total,,2018,criminal intimidation,127
Gujarat,Total,,2018,criminal intimidation,14212
Haryana,Total,,2018,criminal intimidation,3031
Himachal Pradesh,Total,,2018,criminal intimidation,160
Jammu and Kashmir,Total,,2018,criminal intimidation,43
Jharkhand,Total,,2018,criminal intimidation,310
Karnataka,Total,,2018,criminal intimidation,2527
Kerala,Total,,2018,criminal intimidation,1173
Madhya Pradesh,Total,,2018,criminal intimidation,14288
Maharashtra,Total,,2018,criminal intimidation,587
Manipur,Total,,2018,criminal intimidation,12
Meghalaya,Total,,2018,criminal intimidation,179
Mizoram,Total,,2018,criminal intimidation,56
Nagaland,Total,,2018,criminal intimidation,7
Odisha,Total,,2018,criminal intimidation,13463
Punjab,Total,,2018,criminal intimidation,21
Rajasthan,Total,,2018,criminal intimidation,21
Sikkim,Total,,2018,criminal intimidation,7
Tamil Nadu,Total,,2018,criminal intimidation,4548
Telangana,Total,,2018,criminal intimidation,1583
Tripura,Total,,2018,criminal intimidation,140
Uttar Pradesh,Total,,2018,criminal intimidation,32691
Uttarakhand,Total,,2018,criminal intimidation,240
West Bengal,Total,,2018,criminal intimidation,1113
A&N Islands,Total,,2018,criminal intimidation,2
Chandigarh,Total,,2018,criminal intimidation,0
D&N Haveli,Total,,2018,criminal intimidation,0
Daman & Diu,Total,,2018,criminal intimidation,1
Delhi,Total,,2018,criminal intimidation,79
Lakshadweep,Total,,2018,criminal intimidation,0
Puducherry,Total,,2018,criminal intimidation,0
Andhra Pradesh,Total,,2019,criminal intimidation,2518
Arunachal Pradesh,Total,,2019,criminal intimidation,13
Assam,Total,,2019,criminal intimidation,908
Bihar,Total,,2019,criminal intimidation,8
Chhattisgarh,Total,,2019,criminal intimidation,1397
Goa,Total,,2019,criminal intimidation,110
Gujarat,Total,,2019,criminal intimidation,14090
Haryana,Total,,2019,criminal intimidation,3022
Himachal Pradesh,Total,,2019,criminal intimidation,187
Jammu and Kashmir,Total,,2019,criminal intimidation,41
Jharkhand,Total,,2019,criminal intimidation,148
Karnataka,Total,,2019,criminal intimidation,2081
Kerala,Total,,2019,criminal intimidation,1168
Madhya Pradesh,Total,,2019,criminal intimidation,17636
Maharashtra,Total,,2019,criminal intimidation,281
Manipur,Total,,2019,criminal intimidation,8
Meghalaya,Total,,2019,criminal intimidation,169
Mizoram,Total,,2019,criminal intimidation,42
Nagaland,Total,,2019,criminal intimidation,5
Odisha,Total,,2019,criminal intimidation,16361
Punjab,Total,,2019,criminal intimidation,27
Rajasthan,Total,,2019,criminal intimidation,54
Sikkim,Total,,2019,criminal intimidation,9
Tamil Nadu,Total,,2019,criminal intimidation,4056
Telangana,Total,,2019,criminal intimidation,1376
Tripura,Total,,2019,criminal intimidation,111
Uttar Pradesh,Total,,2019,criminal intimidation,34122
Uttarakhand,Total,,2019,criminal intimidation,299
West Bengal,Total,,2019,criminal intimidation,1113
A&N Islands,Total,,2019,criminal intimidation,0
Chandigarh,Total,,2019,criminal intimidation,0
D&N Haveli,Total,,2019,criminal intimidation,0
Daman & Diu,Total,,2019,criminal intimidation,0
Delhi,Total,,2019,criminal intimidation,62
Lakshadweep,Total,,2019,criminal intimidation,0
Puducherry,Total,,2019,criminal intimidation,0
Andhra Pradesh,Total Districts,,2020,criminal intimidation,2052
Arunachal Pradesh,Total Districts,,2020,criminal intimidation,2
Assam,Total Districts,,2020,criminal intimidation,1036
Bihar,Total Districts,,2020,criminal intimidation,143
Chhattisgarh,Total Districts,,2020,criminal intimidation,1964
Goa,Total Districts,,2020,criminal intimidation,96
Gujarat,Total Districts,,2020,criminal intimidation,13012
Haryana,Total Districts,,2020,criminal intimidation,4008
Himachal Pradesh,Total Districts,,2020,criminal intimidation,224
Jharkhand,Total Districts,,2020,criminal intimidation,317
Karnataka,Total Districts,,2020,criminal intimidation,1882
Kerala,Total Districts,,2020,criminal intimidation,1219
Madhya Pradesh,Total Districts,,2020,criminal intimidation,18022
Maharashtra,Total Districts,,2020,criminal intimidation,411
Manipur,Total Districts,,2020,criminal intimidation,21
Meghalaya,Total Districts,,2020,criminal intimidation,189
Mizoram,Total Districts,,2020,criminal intimidation,31
Nagaland,Total Districts,,2020,criminal intimidation,9
Odisha,Total Districts,,2020,criminal intimidation,22027
Punjab,Total Districts,,2020,criminal intimidation,49
Rajasthan,Total Districts,,2020,criminal intimidation,36
Sikkim,Total Districts,,2020,criminal intimidation,2
Tamil Nadu,Total Districts,,2020,criminal intimidation,5435
Telangana,Total Districts,,2020,criminal intimidation,1775
Tripura,Total Districts,,2020,criminal intimidation,57
Uttar Pradesh,Total Districts,,2020,criminal intimidation,39568
Uttarakhand,Total Districts,,2020,criminal intimidation,389
West Bengal,Total Districts,,2020,criminal intimidation,1242
A&N Islands,Total Districts,,2020,criminal intimidation,0
Chandigarh,Total Districts,,2020,criminal intimidation,0
D&N Haveli and Daman & Diu,Total Districts,,2020,criminal intimidation,0
Delhi,Total Districts,,2020,criminal intimidation,34
Jammu and Kashmir,Total Districts,,2020,criminal intimidation,36
Ladakh,Total Districts,,2020,criminal intimidation,1
Lakshadweep,Total Districts,,2020,criminal intimidation,8
Puducherry,Total Districts,,2020,criminal intimidation,0
Andhra Pradesh,Total,,2017,insult to the modesty of women,1998
Arunachal Pradesh,Total,,2017,insult to the modesty of women,5
Assam,Total,,2017,insult to the modesty of women,108
Bihar,Total,,2017,insult to the modesty of women,1
Chhattisgarh,Total,,2017,insult to the modesty of women,144
Goa,Total,,2017,insult to the modesty of women,31
Gujarat,Total,,2017,insult to the modesty of women,17
Haryana,Total,,2017,insult to the modesty of women,179
Himachal Pradesh,Total,,2017,insult to the modesty of women,52
Jammu and Kashmir,Total,,2017,insult to the modesty of women,41
Jharkhand,Total,,2017,insult to the modesty of women,104
Karnataka,Total,,2017,insult to the modesty of women,212
Kerala,Total,,2017,insult to the modesty of women,421
Madhya Pradesh,Total,,2017,insult to the modesty of women,277
Maharashtra,Total,,2017,insult to the modesty of women,919
Manipur,Total,,2017,insult to the modesty of women,8
Meghalaya,Total,,2017,insult to the modesty of women,21
Mizoram,Total,,2017,insult to the modesty of women,2
Nagaland,Total,,2017,insult to the modesty of women,0
Odisha,Total,,2017,insult to the modesty of women,490
Punjab,Total,,2017,insult to the modesty of women,22
Rajasthan,Total,,2017,insult to the modesty of women,24
Sikkim,Total,,2017,insult to the modesty of women,7
Tamil Nadu,Total,,2017,insult to the modesty of women,9
Telangana,Total,,2017,insult to the modesty of women,1160
Tripura,Total,,2017,insult to the modesty of women,9
Uttar Pradesh,Total,,2017,insult to the modesty of women,91
Uttarakhand,Total,,2017,insult to the modesty of women,4
West Bengal,Total,,2017,insult to the modesty of women,448
A&N Islands,Total,,2017,insult to the modesty of women,11
Chandigarh,Total,,2017,insult to the modesty of women,12
D&N Haveli,Total,,2017,insult to the modesty of women,0
Daman & Diu,Total,,2017,insult to the modesty of women,1
Delhi,Total,,2017,insult to the modesty of women,619
Lakshadweep,Total,,2017,insult to the modesty of women,0
Puducherry,Total,,2017,insult to the modesty of women,4
Andhra Pradesh,Total,,2018,insult to the modesty of women,1802
Arunachal Pradesh,Total,,2018,insult to the modesty of women,12
Assam,Total,,2018,insult to the modesty of women,171
Bihar,Total,,2018,insult to the modesty of women,30
Chhattisgarh,Total,,2018,insult to the modesty of women,184
Goa,Total,,2018,insult to the modesty of women,26
Gujarat,Total,,2018,insult to the modesty of women,12
Haryana,Total,,2018,insult to the modesty of women,192
Himachal Pradesh,Total,,2018,insult to the modesty of women,78
Jammu and Kashmir,Total,,2018,insult to the modesty of women,25
Jharkhand,Total,,2018,insult to the modesty of women,37
Karnataka,Total,,2018,insult to the modesty of women,138
Kerala,Total,,2018,insult to the modesty of women,461
Madhya Pradesh,Total,,2018,insult to the modesty of women,270
Maharashtra,Total,,2018,insult to the modesty of women,1074
Manipur,Total,,2018,insult to the modesty of women,8
Meghalaya,Total,,2018,insult to the modesty of women,16
Mizoram,Total,,2018,insult to the modesty of women,1
Nagaland,Total,,2018,insult to the modesty of women,5
Odisha,Total,,2018,insult to the modesty of women,506
Punjab,Total,,2018,insult to the modesty of women,19
Rajasthan,Total,,2018,insult to the modesty of women,34
Sikkim,Total,,2018,insult to the modesty of women,5
Tamil Nadu,Total,,2018,insult to the modesty of women,14
Telangana,Total,,2018,insult to the modesty of women,878
Tripura,Total,,2018,insult to the modesty of women,6
Uttar Pradesh,Total,,2018,insult to the modesty of women,17
Uttarakhand,Total,,2018,insult to the modesty of women,8
West Bengal,Total,,2018,insult to the modesty of women,391
A&N Islands,Total,,2018,insult to the modesty of women,4
Chandigarh,Total,,2018,insult to the modesty of women,3
D&N Haveli,Total,,2018,insult to the modesty of women,2
Daman & Diu,Total,,2018,insult to the modesty of women,1
Delhi,Total,,2018,insult to the modesty of women,552
Lakshadweep,Total,,2018,insult to the modesty of women,1
Puducherry,Total,,2018,insult to the modesty of women,9
Andhra Pradesh,Total,,2019,insult to the modesty of women,1892
Arunachal Pradesh,Total,,2019,insult to the modesty of women,6
Assam,Total,,2019,insult to the modesty of women,385
Bihar,Total,,2019,insult to the modesty of women,11
Chhattisgarh,Total,,2019,insult to the modesty of women,232
Goa,Total,,2019,insult to the modesty of women,37
Gujarat,Total,,2019,insult to the modesty of women,16
Haryana,Total,,2019,insult to the modesty of women,173
Himachal Pradesh,Total,,2019,insult to the modesty of women,72
Jammu and Kashmir,Total,,2019,insult to the modesty of women,15
Jharkhand,Total,,2019,insult to the modesty of women,7
Karnataka,Total,,2019,insult to the modesty of women,107
Kerala,Total,,2019,insult to the modesty of women,435
Madhya Pradesh,Total,,2019,insult to the modesty of women,174
Maharashtra,Total,,2019,insult to the modesty of women,1074
Manipur,Total,,2019,insult to the modesty of women,7
Meghalaya,Total,,2019,insult to the modesty of women,18
Mizoram,Total,,2019,insult to the modesty of women,0
Nagaland,Total,,2019,insult to the modesty of women,1
Odisha,Total,,2019,insult to the modesty of women,536
Punjab,Total,,2019,insult to the modesty of women,35
Rajasthan,Total,,2019,insult to the modesty of women,69
Sikkim,Total,,2019,insult to the modesty of women,2
Tamil Nadu,Total,,2019,insult to the modesty of women,7
Telangana,Total,,2019,insult to the modesty of women,695
Tripura,Total,,2019,insult to the modesty of women,5
Uttar Pradesh,Total,,2019,insult to the modesty of women,42
Uttarakhand,Total,,2019,insult to the modesty of women,10
West Bengal,Total,,2019,insult to the modesty of women,391
A&N Islands,Total,,2019,insult to the modesty of women,3
Chandigarh,Total,,2019,insult to the modesty of women,15
D&N Haveli,Total,,2019,insult to the modesty of women,0
Daman & Diu,Total,,2019,insult to the modesty of women,3
Delhi,Total,,2019,insult to the modesty of women,456
Lakshadweep,Total,,2019,insult to the modesty of women,8
Puducherry,Total,,2019,insult to the modesty of women,0
Andhra Pradesh,Total Districts,,2020,insult to the modesty of women,2342
Arunachal Pradesh,Total Districts,,2020,insult to the modesty of women,3
Assam,Total Districts,,2020,insult to the modesty of women,90
Bihar,Total Districts,,2020,insult to the modesty of women,6
Chhattisgarh,Total Districts,,2020,insult to the modesty of women,279
Goa,Total Districts,,2020,insult to the modesty of women,35
Gujarat,Total Districts,,2020,insult to the modesty of women,17
Haryana,Total Districts,,2020,insult to the modesty of women,183
Himachal Pradesh,Total Districts,,2020,insult to the modesty of women,88
Jharkhand,Total Districts,,2020,insult to the modesty of women,6
Karnataka,Total Districts,,2020,insult to the modesty of women,70
Kerala,Total Districts,,2020,insult to the modesty of women,442
Madhya Pradesh,Total Districts,,2020,insult to the modesty of women,200
Maharashtra,Total Districts,,2020,insult to the modesty of women,969
Manipur,Total Districts,,2020,insult to the modesty of women,8
Meghalaya,Total Districts,,2020,insult to the modesty of women,16
Mizoram,Total Districts,,2020,insult to the modesty of women,3
Nagaland,Total Districts,,2020,insult to the modesty of women,2
Odisha,Total Districts,,2020,insult to the modesty of women,615
Punjab,Total Districts,,2020,insult to the modesty of women,28
Rajasthan,Total Districts,,2020,insult to the modesty of women,85
Sikkim,Total Districts,,2020,insult to the modesty of women,0
Tamil Nadu,Total Districts,,2020,insult to the modesty of women,31
Telangana,Total Districts,,2020,insult to the modesty of women,565
Tripura,Total Districts,,2020,insult to the modesty of women,3
Uttar Pradesh,Total Districts,,2020,insult to the modesty of women,28
Uttarakhand,Total Districts,,2020,insult to the modesty of women,43
West Bengal,Total Districts,,2020,insult to the modesty of women,446
A&N Islands,Total Districts,,2020,insult to the modesty of women,3
Chandigarh,Total Districts,,2020,insult to the modesty of women,4
D&N Haveli and Daman & Diu,Total Districts,,2020,insult to the modesty of women,3
Delhi,Total Districts,,2020,insult to the modesty of women,416
Jammu and Kashmir,Total Districts,,2020,insult to the modesty of women,35
Ladakh,Total Districts,,2020,insult to the modesty of women,0
Lakshadweep,Total Districts,,2020,insult to the modesty of women,1
Puducherry,Total Districts,,2020,insult to the modesty of women,0
Andhra Pradesh,Total,,2017,miscellaneous ipc crimes,54419
Arunachal Pradesh,Total,,2017,miscellaneous ipc crimes,291
Assam,Total,,2017,miscellaneous ipc crimes,17631
Bihar,Total,,2017,miscellaneous ipc crimes,8683
Chhattisgarh,Total,,2017,miscellaneous ipc crimes,13813
Goa,Total,,2017,miscellaneous ipc crimes,824
Gujarat,Total,,2017,miscellaneous ipc crimes,76321
Haryana,Total,,2017,miscellaneous ipc crimes,16544
Himachal Pradesh,Total,,2017,miscellaneous ipc crimes,5175
Jammu and Kashmir,Total,,2017,miscellaneous ipc crimes,7421
Jharkhand,Total,,2017,miscellaneous ipc crimes,2910
Karnataka,Total,,2017,miscellaneous ipc crimes,47444
Kerala,Total,,2017,miscellaneous ipc crimes,177040
Madhya Pradesh,Total,,2017,miscellaneous ipc crimes,79703
Maharashtra,Total,,2017,miscellaneous ipc crimes,67652
Manipur,Total,,2017,miscellaneous ipc crimes,589
Meghalaya,Total,,2017,miscellaneous ipc crimes,575
Mizoram,Total,,2017,miscellaneous ipc crimes,188
Nagaland,Total,,2017,miscellaneous ipc crimes,62
Odisha,Total,,2017,miscellaneous ipc crimes,20042
Punjab,Total,,2017,miscellaneous ipc crimes,6536
Rajasthan,Total,,2017,miscellaneous ipc crimes,28296
Sikkim,Total,,2017,miscellaneous ipc crimes,192
Tamil Nadu,Total,,2017,miscellaneous ipc crimes,70583
Telangana,Total,,2017,miscellaneous ipc crimes,35476
Tripura,Total,,2017,miscellaneous ipc crimes,913
Uttar Pradesh,Total,,2017,miscellaneous ipc crimes,61973
Uttarakhand,Total,,2017,miscellaneous ipc crimes,1585
West Bengal,Total,,2017,miscellaneous ipc crimes,29416
A&N Islands,Total,,2017,miscellaneous ipc crimes,200
Chandigarh,Total,,2017,miscellaneous ipc crimes,622
D&N Haveli,Total,,2017,miscellaneous ipc crimes,33
Daman & Diu,Total,,2017,miscellaneous ipc crimes,58
Delhi,Total,,2017,miscellaneous ipc crimes,16858
Lakshadweep,Total,,2017,miscellaneous ipc crimes,10
Puducherry,Total,,2017,miscellaneous ipc crimes,1559
Andhra Pradesh,Total,,2018,miscellaneous ipc crimes,52478
Arunachal Pradesh,Total,,2018,miscellaneous ipc crimes,285
Assam,Total,,2018,miscellaneous ipc crimes,20906
Bihar,Total,,2018,miscellaneous ipc crimes,7267
Chhattisgarh,Total,,2018,miscellaneous ipc crimes,13571
Goa,Total,,2018,miscellaneous ipc crimes,697
Gujarat,Total,,2018,miscellaneous ipc crimes,93929
Haryana,Total,,2018,miscellaneous ipc crimes,17667
Himachal Pradesh,Total,,2018,miscellaneous ipc crimes,5688
Jammu and Kashmir,Total,,2018,miscellaneous ipc crimes,7578
Jharkhand,Total,,2018,miscellaneous ipc crimes,3376
Karnataka,Total,,2018,miscellaneous ipc crimes,40606
Kerala,Total,,2018,miscellaneous ipc crimes,129242
Madhya Pradesh,Total,,2018,miscellaneous ipc crimes,73968
Maharashtra,Total,,2018,miscellaneous ipc crimes,92323
Manipur,Total,,2018,miscellaneous ipc crimes,544
Meghalaya,Total,,2018,miscellaneous ipc crimes,558
Mizoram,Total,,2018,miscellaneous ipc crimes,160
Nagaland,Total,,2018,miscellaneous ipc crimes,64
Odisha,Total,,2018,miscellaneous ipc crimes,22730
Punjab,Total,,2018,miscellaneous ipc crimes,6677
Rajasthan,Total,,2018,miscellaneous ipc crimes,28486
Sikkim,Total,,2018,miscellaneous ipc crimes,166
Tamil Nadu,Total,,2018,miscellaneous ipc crimes,71391
Telangana,Total,,2018,miscellaneous ipc crimes,33558
Tripura,Total,,2018,miscellaneous ipc crimes,1071
Uttar Pradesh,Total,,2018,miscellaneous ipc crimes,78653
Uttarakhand,Total,,2018,miscellaneous ipc crimes,1792
West Bengal,Total,,2018,miscellaneous ipc crimes,28745
A&N Islands,Total,,2018,miscellaneous ipc crimes,263
Chandigarh,Total,,2018,miscellaneous ipc crimes,501
D&N Haveli,Total,,2018,miscellaneous ipc crimes,37
Daman & Diu,Total,,2018,miscellaneous ipc crimes,54
Delhi,Total,,2018,miscellaneous ipc crimes,18928
Lakshadweep,Total,,2018,miscellaneous ipc crimes,13
Puducherry,Total,,2018,miscellaneous ipc crimes,1323
Andhra Pradesh,Total,,2019,miscellaneous ipc crimes,41365
Arunachal Pradesh,Total,,2019,miscellaneous ipc crimes,332
Assam,Total,,2019,miscellaneous ipc crimes,22612
Bihar,Total,,2019,miscellaneous ipc crimes,7082
Chhattisgarh,Total,,2019,miscellaneous ipc crimes,12421
Goa,Total,,2019,miscellaneous ipc crimes,577
Gujarat,Total,,2019,miscellaneous ipc crimes,90111
Haryana,Total,,2019,miscellaneous ipc crimes,19361
Himachal Pradesh,Total,,2019,miscellaneous ipc crimes,5947
Jammu and Kashmir,Total,,2019,miscellaneous ipc crimes,7510
Jharkhand,Total,,2019,miscellaneous ipc crimes,3527
Karnataka,Total,,2019,miscellaneous ipc crimes,38922
Kerala,Total,,2019,miscellaneous ipc crimes,119461
Madhya Pradesh,Total,,2019,miscellaneous ipc crimes,79740
Maharashtra,Total,,2019,miscellaneous ipc crimes,98208
Manipur,Total,,2019,miscellaneous ipc crimes,601
Meghalaya,Total,,2019,miscellaneous ipc crimes,550
Mizoram,Total,,2019,miscellaneous ipc crimes,218
Nagaland,Total,,2019,miscellaneous ipc crimes,44
Odisha,Total,,2019,miscellaneous ipc crimes,26236
Punjab,Total,,2019,miscellaneous ipc crimes,7760
Rajasthan,Total,,2019,miscellaneous ipc crimes,37516
Sikkim,Total,,2019,miscellaneous ipc crimes,152
Tamil Nadu,Total,,2019,miscellaneous ipc crimes,64617
Telangana,Total,,2019,miscellaneous ipc crimes,32783
Tripura,Total,,2019,miscellaneous ipc crimes,1260
Uttar Pradesh,Total,,2019,miscellaneous ipc crimes,86546
Uttarakhand,Total,,2019,miscellaneous ipc crimes,1446
West Bengal,Total,,2019,miscellaneous ipc crimes,28745
A&N Islands,Total,,2019,miscellaneous ipc crimes,225
Chandigarh,Total,,2019,miscellaneous ipc crimes,710
D&N Haveli,Total,,2019,miscellaneous ipc crimes,28
Daman & Diu,Total,,2019,miscellaneous ipc crimes,55
Delhi,Total,,2019,miscellaneous ipc crimes,22237
Lakshadweep,Total,,2019,miscellaneous ipc crimes,21
Puducherry,Total,,2019,miscellaneous ipc crimes,1283
Andhra Pradesh,Total Districts,,2020,miscellaneous ipc crimes,103216
Arunachal Pradesh,Total Districts,,2020,miscellaneous ipc crimes,262
Assam,Total Districts,,2020,miscellaneous ipc crimes,21362
Bihar,Total Districts,,2020,miscellaneous ipc crimes,5485
Chhattisgarh,Total Districts,,2020,miscellaneous ipc crimes,12542
Goa,Total Districts,,2020,miscellaneous ipc crimes,1905
Gujarat,Total Districts,,2020,miscellaneous ipc crimes,296239
Haryana,Total Districts,,2020,miscellaneous ipc crimes,21468
Himachal Pradesh,Total Districts,,2020,miscellaneous ipc crimes,6366
Jharkhand,Total Districts,,2020,miscellaneous ipc crimes,3442
Karnataka,Total Districts,,2020,miscellaneous ipc crimes,34767
Kerala,Total Districts,,2020,miscellaneous ipc crimes,92348
Madhya Pradesh,Total Districts,,2020,miscellaneous ipc crimes,108759
Maharashtra,Total Districts,,2020,miscellaneous ipc crimes,189581
Manipur,Total Districts,,2020,miscellaneous ipc crimes,444
Meghalaya,Total Districts,,2020,miscellaneous ipc crimes,561
Mizoram,Total Districts,,2020,miscellaneous ipc crimes,212
Nagaland,Total Districts,,2020,miscellaneous ipc crimes,102
Odisha,Total Districts,,2020,miscellaneous ipc crimes,34190
Punjab,Total Districts,,2020,miscellaneous ipc crimes,17716
Rajasthan,Total Districts,,2020,miscellaneous ipc crimes,30121
Sikkim,Total Districts,,2020,miscellaneous ipc crimes,172
Tamil Nadu,Total Districts,,2020,miscellaneous ipc crimes,60522
Telangana,Total Districts,,2020,miscellaneous ipc crimes,42161
Tripura,Total Districts,,2020,miscellaneous ipc crimes,865
Uttar Pradesh,Total Districts,,2020,miscellaneous ipc crimes,123594
Uttarakhand,Total Districts,,2020,miscellaneous ipc crimes,2408
West Bengal,Total Districts,,2020,miscellaneous ipc crimes,32529
A&N Islands,Total Districts,,2020,miscellaneous ipc crimes,211
Chandigarh,Total Districts,,2020,miscellaneous ipc crimes,1051
D&N Haveli and Daman & Diu,Total Districts,,2020,miscellaneous ipc crimes,136
Delhi,Total Districts,,2020,miscellaneous ipc crimes,46027
Jammu and Kashmir,Total Districts,,2020,miscellaneous ipc crimes,9571
Ladakh,Total Districts,,2020,miscellaneous ipc crimes,281
Lakshadweep,Total Districts,,2020,miscellaneous ipc crimes,23
Puducherry,Total Districts,,2020,miscellaneous ipc crimes,844
Andhra Pradesh,Total,,2017,other ipc crimes,8574
Arunachal Pradesh,Total,,2017,other ipc crimes,310
Assam,Total,,2017,other ipc crimes,18509
Bihar,Total,,2017,other ipc crimes,129
Chhattisgarh,Total,,2017,other ipc crimes,5154
Goa,Total,,2017,other ipc crimes,42
Gujarat,Total,,2017,other ipc crimes,3015
Haryana,Total,,2017,other ipc crimes,10252
Himachal Pradesh,Total,,2017,other ipc crimes,449
Jammu and Kashmir,Total,,2017,other ipc crimes,2854
Jharkhand,Total,,2017,other ipc crimes,8324
Karnataka,Total,,2017,other ipc crimes,9925
Kerala,Total,,2017,other ipc crimes,5588
Madhya Pradesh,Total,,2017,other ipc crimes,20091
Maharashtra,Total,,2017,other ipc crimes,7028
Manipur,Total,,2017,other ipc crimes,596
Meghalaya,Total,,2017,other ipc crimes,459
Mizoram,Total,,2017,other ipc crimes,34
Nagaland,Total,,2017,other ipc crimes,44
Odisha,Total,,2017,other ipc crimes,9567
Punjab,Total,,2017,other ipc crimes,2862
Rajasthan,Total,,2017,other ipc crimes,29693
Sikkim,Total,,2017,other ipc crimes,9
Tamil Nadu,Total,,2017,other ipc crimes,9244
Telangana,Total,,2017,other ipc crimes,16270
Tripura,Total,,2017,other ipc crimes,236
Uttar Pradesh,Total,,2017,other ipc crimes,27573
Uttarakhand,Total,,2017,other ipc crimes,2839
West Bengal,Total,,2017,other ipc crimes,36283
A&N Islands,Total,,2017,other ipc crimes,12
Chandigarh,Total,,2017,other ipc crimes,16
D&N Haveli,Total,,2017,other ipc crimes,36
Daman & Diu,Total,,2017,other ipc crimes,47
Delhi,Total,,2017,other ipc crimes,3468
Lakshadweep,Total,,2017,other ipc crimes,19
Puducherry,Total,,2017,other ipc crimes,245
Andhra Pradesh,Total,,2018,other ipc crimes,9502
Arunachal Pradesh,Total,,2018,other ipc crimes,259
Assam,Total,,2018,other ipc crimes,13589
Bihar,Total,,2018,other ipc crimes,286
Chhattisgarh,Total,,2018,other ipc crimes,4529
Goa,Total,,2018,other ipc crimes,24
Gujarat,Total,,2018,other ipc crimes,2199
Haryana,Total,,2018,other ipc crimes,13524
Himachal Pradesh,Total,,2018,other ipc crimes,373
Jammu and Kashmir,Total,,2018,other ipc crimes,2055
Jharkhand,Total,,2018,other ipc crimes,3390
Karnataka,Total,,2018,other ipc crimes,1702
Kerala,Total,,2018,other ipc crimes,3472
Madhya Pradesh,Total,,2018,other ipc crimes,15857
Maharashtra,Total,,2018,other ipc crimes,9039
Manipur,Total,,2018,other ipc crimes,255
Meghalaya,Total,,2018,other ipc crimes,167
Mizoram,Total,,2018,other ipc crimes,32
Nagaland,Total,,2018,other ipc crimes,65
Odisha,Total,,2018,other ipc crimes,5561
Punjab,Total,,2018,other ipc crimes,3244
Rajasthan,Total,,2018,other ipc crimes,26522
Sikkim,Total,,2018,other ipc crimes,3
Tamil Nadu,Total,,2018,other ipc crimes,18564
Telangana,Total,,2018,other ipc crimes,13673
Tripura,Total,,2018,other ipc crimes,445
Uttar Pradesh,Total,,2018,other ipc crimes,30982
Uttarakhand,Total,,2018,other ipc crimes,3492
West Bengal,Total,,2018,other ipc crimes,36115
A&N Islands,Total,,2018,other ipc crimes,6
Chandigarh,Total,,2018,other ipc crimes,54
D&N Haveli,Total,,2018,other ipc crimes,18
Daman & Diu,Total,,2018,other ipc crimes,24
Delhi,Total,,2018,other ipc crimes,3141
Lakshadweep,Total,,2018,other ipc crimes,8
Puducherry,Total,,2018,other ipc crimes,258
Andhra Pradesh,Total,,2019,other ipc crimes,11059
Arunachal Pradesh,Total,,2019,other ipc crimes,317
Assam,Total,,2019,other ipc crimes,19601
Bihar,Total,,2019,other ipc crimes,187
Chhattisgarh,Total,,2019,other ipc crimes,4350
Goa,Total,,2019,other ipc crimes,9
Gujarat,Total,,2019,other ipc crimes,2230
Haryana,Total,,2019,other ipc crimes,18738
Himachal Pradesh,Total,,2019,other ipc crimes,270
Jammu and Kashmir,Total,,2019,other ipc crimes,2304
Jharkhand,Total,,2019,other ipc crimes,6212
Karnataka,Total,,2019,other ipc crimes,1142
Kerala,Total,,2019,other ipc crimes,3741
Madhya Pradesh,Total,,2019,other ipc crimes,16192
Maharashtra,Total,,2019,other ipc crimes,10021
Manipur,Total,,2019,other ipc crimes,187
Meghalaya,Total,,2019,other ipc crimes,215
Mizoram,Total,,2019,other ipc crimes,39
Nagaland,Total,,2019,other ipc crimes,39
Odisha,Total,,2019,other ipc crimes,6951
Punjab,Total,,2019,other ipc crimes,4133
Rajasthan,Total,,2019,other ipc crimes,32454
Sikkim,Total,,2019,other ipc crimes,8
Tamil Nadu,Total,,2019,other ipc crimes,12919
Telangana,Total,,2019,other ipc crimes,15188
Tripura,Total,,2019,other ipc crimes,231
Uttar Pradesh,Total,,2019,other ipc crimes,40675
Uttarakhand,Total,,2019,other ipc crimes,2430
West Bengal,Total,,2019,other ipc crimes,36115
A&N Islands,Total,,2019,other ipc crimes,4
Chandigarh,Total,,2019,other ipc crimes,150
D&N Haveli,Total,,2019,other ipc crimes,10
Daman & Diu,Total,,2019,other ipc crimes,18
Delhi,Total,,2019,other ipc crimes,3073
Lakshadweep,Total,,2019,other ipc crimes,22
Puducherry,Total,,2019,other ipc crimes,221
Andhra Pradesh,Total Districts,,2020,other ipc crimes,22570
Arunachal Pradesh,Total Districts,,2020,other ipc crimes,484
Assam,Total Districts,,2020,other ipc crimes,16288
Bihar,Total Districts,,2020,other ipc crimes,165
Chhattisgarh,Total Districts,,2020,other ipc crimes,6225
Goa,Total Districts,,2020,other ipc crimes,13
Gujarat,Total Districts,,2020,other ipc crimes,47770
Haryana,Total Districts,,2020,other ipc crimes,15813
Himachal Pradesh,Total Districts,,2020,other ipc crimes,312
Jharkhand,Total Districts,,2020,other ipc crimes,5925
Karnataka,Total Districts,,2020,other ipc crimes,3577
Kerala,Total Districts,,2020,other ipc crimes,9587
Madhya Pradesh,Total Districts,,2020,other ipc crimes,19859
Maharashtra,Total Districts,,2020,other ipc crimes,20012
Manipur,Total Districts,,2020,other ipc crimes,233
Meghalaya,Total Districts,,2020,other ipc crimes,183
Mizoram,Total Districts,,2020,other ipc crimes,70
Nagaland,Total Districts,,2020,other ipc crimes,40
Odisha,Total Districts,,2020,other ipc crimes,2102
Punjab,Total Districts,,2020,other ipc crimes,2978
Rajasthan,Total Districts,,2020,other ipc crimes,33237
Sikkim,Total Districts,,2020,other ipc crimes,41
Tamil Nadu,Total Districts,,2020,other ipc crimes,750300
Telangana,Total Districts,,2020,other ipc crimes,21160
Tripura,Total Districts,,2020,other ipc crimes,299
Uttar Pradesh,Total Districts,,2020,other ipc crimes,32672
Uttarakhand,Total Districts,,2020,other ipc crimes,4339
West Bengal,Total Districts,,2020,other ipc crimes,37522
A&N Islands,Total Districts,,2020,other ipc crimes,34
Chandigarh,Total Districts,,2020,other ipc crimes,149
D&N Haveli and Daman & Diu,Total Districts,,2020,other ipc crimes,20
Delhi,Total Districts,,2020,other ipc crimes,1715
Jammu and Kashmir,Total Districts,,2020,other ipc crimes,2400
Ladakh,Total Districts,,2020,other ipc crimes,31
Lakshadweep,Total Districts,,2020,other ipc crimes,25
Puducherry,Total Districts,,2020,other ipc crimes,4249
Andhra Pradesh,Total,,2017,total cognizable ipc crimes,132336
Arunachal Pradesh,Total,,2017,total cognizable ipc crimes,2565
Assam,Total,,2017,total cognizable ipc crimes,104324
Bihar,Total,,2017,total cognizable ipc crimes,180573
Chhattisgarh,Total,,2017,total cognizable ipc crimes,58481
Goa,Total,,2017,total cognizable ipc crimes,2965
Gujarat,Total,,2017,total cognizable ipc crimes,128775
Haryana,Total,,2017,total cognizable ipc crimes,97924
Himachal Pradesh,Total,,2017,total cognizable ipc crimes,13007
Jammu and Kashmir,Total,,2017,total cognizable ipc crimes,22667
Jharkhand,Total,,2017,total cognizable ipc crimes,44595
Karnataka,Total,,2017,total cognizable ipc crimes,146354
Kerala,Total,,2017,total cognizable ipc crimes,235846
Madhya Pradesh,Total,,2017,total cognizable ipc crimes,269512
Maharashtra,Total,,2017,total cognizable ipc crimes,288879
Manipur,Total,,2017,total cognizable ipc crimes,3416
Meghalaya,Total,,2017,total cognizable ipc crimes,3521
Mizoram,Total,,2017,total cognizable ipc crimes,2118
Nagaland,Total,,2017,total cognizable ipc crimes,1068
Odisha,Total,,2017,total cognizable ipc crimes,83583
Punjab,Total,,2017,total cognizable ipc crimes,39288
Rajasthan,Total,,2017,total cognizable ipc crimes,169941
Sikkim,Total,,2017,total cognizable ipc crimes,719
Tamil Nadu,Total,,2017,total cognizable ipc crimes,178836
Telangana,Total,,2017,total cognizable ipc crimes,119858
Tripura,Total,,2017,total cognizable ipc crimes,3918
Uttar Pradesh,Total,,2017,total cognizable ipc crimes,310084
Uttarakhand,Total,,2017,total cognizable ipc crimes,12889
West Bengal,Total,,2017,total cognizable ipc crimes,163999
A&N Islands,Total,,2017,total cognizable ipc crimes,638
Chandigarh,Total,,2017,total cognizable ipc crimes,3240
D&N Haveli,Total,,2017,total cognizable ipc crimes,266
Daman & Diu,Total,,2017,total cognizable ipc crimes,367
Delhi,Total,,2017,total cognizable ipc crimes,232066
Lakshadweep,Total,,2017,total cognizable ipc crimes,78
Puducherry,Total,,2017,total cognizable ipc crimes,3883
Andhra Pradesh,Total,,2018,total cognizable ipc crimes,126635
Arunachal Pradesh,Total,,2018,total cognizable ipc crimes,2613
Assam,Total,,2018,total cognizable ipc crimes,112243
Bihar,Total,,2018,total cognizable ipc crimes,196911
Chhattisgarh,Total,,2018,total cognizable ipc crimes,60178
Goa,Total,,2018,total cognizable ipc crimes,2740
Gujarat,Total,,2018,total cognizable ipc crimes,147574
Haryana,Total,,2018,total cognizable ipc crimes,108212
Himachal Pradesh,Total,,2018,total cognizable ipc crimes,14604
Jammu and Kashmir,Total,,2018,total cognizable ipc crimes,24216
Jharkhand,Total,,2018,total cognizable ipc crimes,45287
Karnataka,Total,,2018,total cognizable ipc crimes,126534
Kerala,Total,,2018,total cognizable ipc crimes,186958
Madhya Pradesh,Total,,2018,total cognizable ipc crimes,248354
Maharashtra,Total,,2018,total cognizable ipc crimes,346291
Manipur,Total,,2018,total cognizable ipc crimes,2869
Meghalaya,Total,,2018,total cognizable ipc crimes,2921
Mizoram,Total,,2018,total cognizable ipc crimes,1774
Nagaland,Total,,2018,total cognizable ipc crimes,1223
Odisha,Total,,2018,total cognizable ipc crimes,83769
Punjab,Total,,2018,total cognizable ipc crimes,41640
Rajasthan,Total,,2018,total cognizable ipc crimes,171889
Sikkim,Total,,2018,total cognizable ipc crimes,620
Tamil Nadu,Total,,2018,total cognizable ipc crimes,185912
Telangana,Total,,2018,total cognizable ipc crimes,113951
Tripura,Total,,2018,total cognizable ipc crimes,5325
Uttar Pradesh,Total,,2018,total cognizable ipc crimes,342355
Uttarakhand,Total,,2018,total cognizable ipc crimes,14739
West Bengal,Total,,2018,total cognizable ipc crimes,157610
A&N Islands,Total,,2018,total cognizable ipc crimes,706
Chandigarh,Total,,2018,total cognizable ipc crimes,3072
D&N Haveli,Total,,2018,total cognizable ipc crimes,255
Daman & Diu,Total,,2018,total cognizable ipc crimes,319
Delhi,Total,,2018,total cognizable ipc crimes,249012
Lakshadweep,Total,,2018,total cognizable ipc crimes,48
Puducherry,Total,,2018,total cognizable ipc crimes,3606
Andhra Pradesh,Total,,2019,total cognizable ipc crimes,119229
Arunachal Pradesh,Total,,2019,total cognizable ipc crimes,2590
Assam,Total,,2019,total cognizable ipc crimes,123512
Bihar,Total,,2019,total cognizable ipc crimes,197935
Chhattisgarh,Total,,2019,total cognizable ipc crimes,61256
Goa,Total,,2019,total cognizable ipc crimes,2465
Gujarat,Total,,2019,total cognizable ipc crimes,139503
Haryana,Total,,2019,total cognizable ipc crimes,111323
Himachal Pradesh,Total,,2019,total cognizable ipc crimes,14480
Jammu and Kashmir,Total,,2019,total cognizable ipc crimes,22404
Jharkhand,Total,,2019,total cognizable ipc crimes,50048
Karnataka,Total,,2019,total cognizable ipc crimes,120165
Kerala,Total,,2019,total cognizable ipc crimes,175810
Madhya Pradesh,Total,,2019,total cognizable ipc crimes,246470
Maharashtra,Total,,2019,total cognizable ipc crimes,341084
Manipur,Total,,2019,total cognizable ipc crimes,2830
Meghalaya,Total,,2019,total cognizable ipc crimes,3125
Mizoram,Total,,2019,total cognizable ipc crimes,2379
Nagaland,Total,,2019,total cognizable ipc crimes,1117
Odisha,Total,,2019,total cognizable ipc crimes,96033
Punjab,Total,,2019,total cognizable ipc crimes,44697
Rajasthan,Total,,2019,total cognizable ipc crimes,225306
Sikkim,Total,,2019,total cognizable ipc crimes,632
Tamil Nadu,Total,,2019,total cognizable ipc crimes,168116
Telangana,Total,,2019,total cognizable ipc crimes,118338
Tripura,Total,,2019,total cognizable ipc crimes,5336
Uttar Pradesh,Total,,2019,total cognizable ipc crimes,353131
Uttarakhand,Total,,2019,total cognizable ipc crimes,12081
West Bengal,Total,,2019,total cognizable ipc crimes,157610
A&N Islands,Total,,2019,total cognizable ipc crimes,564
Chandigarh,Total,,2019,total cognizable ipc crimes,2819
D&N Haveli,Total,,2019,total cognizable ipc crimes,226
Daman & Diu,Total,,2019,total cognizable ipc crimes,322
Delhi,Total,,2019,total cognizable ipc crimes,299475
Lakshadweep,Total,,2019,total cognizable ipc crimes,123
Puducherry,Total,,2019,total cognizable ipc crimes,3167
Andhra Pradesh,Total Districts,,2020,total cognizable ipc crimes,188997
Arunachal Pradesh,Total Districts,,2020,total cognizable ipc crimes,2244
Assam,Total Districts,,2020,total cognizable ipc crimes,111558
Bihar,Total Districts,,2020,total cognizable ipc crimes,194698
Chhattisgarh,Total Districts,,2020,total cognizable ipc crimes,65216
Goa,Total Districts,,2020,total cognizable ipc crimes,3393
Gujarat,Total Districts,,2020,total cognizable ipc crimes,381849
Haryana,Total Districts,,2020,total cognizable ipc crimes,103276
Himachal Pradesh,Total Districts,,2020,total cognizable ipc crimes,14803
Jharkhand,Total Districts,,2020,total cognizable ipc crimes,51033
Karnataka,Total Districts,,2020,total cognizable ipc crimes,106350
Kerala,Total Districts,,2020,total cognizable ipc crimes,149099
Madhya Pradesh,Total Districts,,2020,total cognizable ipc crimes,283881
Maharashtra,Total Districts,,2020,total cognizable ipc crimes,394017
Manipur,Total Districts,,2020,total cognizable ipc crimes,2349
Meghalaya,Total Districts,,2020,total cognizable ipc crimes,2871
Mizoram,Total Districts,,2020,total cognizable ipc crimes,1787
Nagaland,Total Districts,,2020,total cognizable ipc crimes,1022
Odisha,Total Districts,,2020,total cognizable ipc crimes,108533
Punjab,Total Districts,,2020,total cognizable ipc crimes,49870
Rajasthan,Total Districts,,2020,total cognizable ipc crimes,193279
Sikkim,Total Districts,,2020,total cognizable ipc crimes,504
Tamil Nadu,Total Districts,,2020,total cognizable ipc crimes,891700
Telangana,Total Districts,,2020,total cognizable ipc crimes,135885
Tripura,Total Districts,,2020,total cognizable ipc crimes,4010
Uttar Pradesh,Total Districts,,2020,total cognizable ipc crimes,355110
Uttarakhand,Total Districts,,2020,total cognizable ipc crimes,13812
West Bengal,Total Districts,,2020,total cognizable ipc crimes,158060
A&N Islands,Total Districts,,2020,total cognizable ipc crimes,482
Chandigarh,Total Districts,,2020,total cognizable ipc crimes,2583
D&N Haveli and Daman & Diu,Total Districts,,2020,total cognizable ipc crimes,441
Delhi,Total Districts,,2020,total cognizable ipc crimes,249192
Jammu and Kashmir,Total Districts,,2020,total cognizable ipc crimes,25233
Ladakh,Total Districts,,2020,total cognizable ipc crimes,387
Lakshadweep,Total Districts,,2020,total cognizable ipc crimes,107
Puducherry,Total Districts,,2020,total cognizable ipc crimes,6725
